anger,anticipation,disgust,fear,joy,sadness,surprise,trust,negative,positive,word
0,0,0,1,0,1,0,0,1,0,abandon
1,0,0,1,0,1,0,0,1,0,abandoned
0,0,0,0,0,0,0,0,0,1,ability
0,0,1,1,0,1,0,0,1,0,abortion
0,0,0,0,0,1,0,0,1,0,absent
0,0,0,0,0,0,0,0,0,1,absolute
1,0,1,1,0,1,0,0,1,0,abuse
0,0,0,0,0,0,0,1,0,1,academic
0,0,0,0,0,0,0,0,0,1,academy
0,0,0,0,0,0,0,0,0,1,acceptable
0,0,0,0,0,0,0,0,0,1,acceptance
0,0,0,0,0,0,0,0,0,1,accessible
0,0,0,0,1,0,0,0,0,1,accomplish
0,0,0,0,1,0,0,0,0,1,accomplished
0,0,0,0,0,0,0,0,0,1,accomplishment
0,0,0,0,0,0,0,1,0,0,account
0,0,0,0,0,0,0,1,0,1,accountability
0,0,0,0,0,0,0,1,0,1,accountable
0,0,0,0,0,0,0,1,0,0,accountant
0,0,0,0,0,0,0,1,0,0,accounts
0,0,0,0,0,0,0,1,0,1,accurate
0,0,0,0,0,0,0,0,0,1,ace
0,0,0,0,0,1,0,0,1,0,ache
0,0,0,0,1,0,0,1,0,1,achieve
0,1,0,0,1,0,0,1,0,1,achievement
0,0,0,0,0,1,0,0,1,0,aching
0,0,0,0,0,0,0,0,1,0,acid
0,0,0,0,0,0,0,0,0,1,acquire
0,0,0,0,0,0,0,0,0,1,action
0,0,0,0,0,0,0,0,1,0,addiction
0,0,0,0,0,0,0,1,0,0,administrative
0,0,0,0,1,0,0,1,0,1,admirable
0,0,0,0,0,0,0,1,0,1,admiral
0,0,0,0,1,0,0,1,0,1,admiration
0,0,0,0,0,0,0,1,0,1,admire
0,0,0,0,0,0,0,0,0,1,admirer
0,0,0,0,1,0,0,0,0,1,adorable
0,1,0,0,1,0,0,1,0,1,adore
0,1,0,1,1,0,1,0,0,1,advance
0,0,0,0,0,0,0,0,0,1,advanced
0,0,0,0,0,0,0,0,0,1,advantage
0,1,0,0,0,0,0,0,0,1,adventure
0,0,0,0,0,0,0,0,0,1,adventurous
1,0,1,1,0,1,0,0,1,0,adverse
1,0,0,1,0,1,0,0,1,0,adversity
0,0,0,0,0,0,0,1,0,0,advice
0,0,0,0,0,0,0,1,0,1,advise
0,0,0,0,0,0,0,1,0,0,advised
0,0,0,0,0,0,0,1,0,1,adviser
0,0,0,0,1,0,0,1,0,1,affection
0,0,0,1,0,0,0,0,1,0,afraid
1,0,1,1,0,1,0,0,1,0,aftermath
1,0,0,0,0,0,0,0,1,0,aggravated
1,0,0,1,0,0,0,0,1,0,aggression
1,0,0,1,0,0,0,0,1,0,aggressive
1,0,0,0,0,0,0,0,1,0,agitated
1,0,0,1,0,1,0,0,1,0,agony
0,0,0,0,0,0,0,0,0,1,agree
0,0,0,0,0,0,0,1,0,1,agreed
0,0,0,0,0,0,0,1,0,1,agreeing
0,0,0,0,0,0,0,1,0,1,agreement
0,0,0,0,0,0,0,0,0,1,ahead
0,0,0,1,0,0,1,0,1,0,alarm
0,0,0,1,0,0,1,0,1,0,alarming
1,0,1,1,0,1,0,0,1,0,alcoholism
0,1,0,0,1,0,0,1,0,1,alive
0,0,0,0,0,0,0,1,0,1,ally
0,0,0,0,0,0,1,0,0,0,amaze
0,0,0,0,1,0,1,0,0,1,amazingly
0,1,0,0,1,0,0,1,0,1,ambition
0,0,0,0,1,0,0,1,0,1,amen
0,0,0,0,1,0,0,0,0,1,amuse
0,0,0,0,1,0,0,0,0,1,amused
0,0,0,0,1,0,0,0,0,1,amusement
0,0,0,0,1,0,0,0,0,1,amusing
0,0,0,0,0,0,0,0,1,0,anal
0,1,0,0,0,0,0,1,0,1,analyst
0,0,0,0,0,0,0,0,1,0,ancient
0,1,0,0,1,0,1,1,0,1,angel
0,0,0,0,1,0,0,1,0,1,angelic
1,0,0,0,0,0,0,0,1,0,anger
1,0,1,0,0,0,0,0,1,0,angry
1,0,1,0,0,0,0,0,1,0,annoy
1,0,1,0,0,0,0,0,1,0,annoyance
1,0,0,0,0,0,0,0,1,0,annoying
0,0,0,0,0,0,0,0,1,0,anonymous
1,1,0,1,0,1,0,0,1,0,anxiety
0,1,0,1,0,0,0,0,1,0,anxious
0,0,0,0,0,1,0,0,1,0,apathy
0,0,0,0,0,1,0,1,0,1,apologize
0,0,0,0,0,0,0,0,0,1,apology
0,0,1,1,0,0,0,0,1,0,appalling
0,0,0,0,1,0,0,1,0,1,appreciation
0,1,0,1,0,0,0,0,1,0,apprehensive
0,0,0,0,0,0,0,1,0,0,apprentice
0,1,0,0,0,0,0,0,0,0,approaching
0,0,0,0,0,0,0,0,0,1,approval
0,0,0,0,1,0,0,1,0,1,approve
1,0,0,0,0,0,0,0,1,0,argue
1,0,0,0,0,0,0,0,1,0,argument
0,0,0,0,0,0,0,0,1,0,argumentative
1,0,0,0,0,0,0,0,0,0,arguments
0,0,0,0,0,0,0,0,0,1,aroma
0,1,0,0,0,0,0,0,0,0,arrival
0,1,0,0,0,0,0,0,0,0,arrive
0,0,0,0,0,0,0,0,1,0,arrogance
1,0,1,0,0,0,0,0,1,0,arrogant
0,1,0,0,1,1,1,0,0,1,art
0,0,0,0,0,0,0,0,0,1,artistic
0,0,1,0,0,1,0,0,1,0,ashamed
0,1,0,0,1,0,0,1,0,1,aspiring
0,0,0,0,0,0,0,0,1,0,ass
1,0,0,1,0,1,0,0,1,0,assassin
1,0,0,1,0,1,0,0,1,0,assassination
1,0,0,1,0,0,0,0,1,0,assault
0,0,0,0,0,0,0,1,0,1,assembly
1,0,1,0,0,0,0,0,1,0,asshole
0,0,0,0,0,0,0,0,0,1,assistance
0,0,0,0,0,0,0,1,0,1,associate
0,0,0,0,0,0,0,1,0,0,association
0,0,0,0,0,0,0,1,0,1,assurance
0,0,0,0,0,0,0,1,0,0,assure
0,0,0,0,0,0,0,1,0,1,assured
0,0,0,0,0,0,0,0,0,1,athlete
0,0,0,0,0,0,0,0,0,1,athletic
0,0,0,0,0,0,0,0,0,1,attachment
1,0,0,1,0,0,0,0,1,0,attack
1,0,1,1,0,1,1,0,1,0,attacking
0,1,0,0,0,0,0,0,0,0,attempt
0,0,0,0,0,0,0,0,0,1,attention
0,0,0,0,0,0,0,0,0,1,attraction
0,1,0,0,0,0,0,0,0,0,auction
0,0,0,1,0,0,0,1,0,0,auditor
0,0,0,0,0,0,0,0,0,1,august
0,0,0,0,0,0,0,1,0,1,aunt
0,0,0,0,0,0,0,1,0,1,authority
0,0,1,1,0,1,0,0,1,0,autopsy
0,0,0,1,0,0,0,0,1,0,avoid
0,0,0,1,0,0,0,0,1,0,avoidance
0,0,0,1,0,0,0,0,0,0,avoiding
0,1,0,0,1,0,1,1,0,1,award
1,0,1,1,0,1,0,0,1,0,awful
0,0,1,0,0,0,0,0,1,0,awkwardness
0,0,0,0,1,0,0,0,0,1,baby
0,0,0,0,0,0,0,1,0,0,babysitter
0,0,0,0,0,0,0,0,1,0,backward
0,0,1,0,0,0,0,0,1,0,backwards
1,0,1,1,0,1,0,0,1,0,bad
0,0,0,0,0,1,0,0,1,0,badly
0,0,0,0,0,0,0,0,0,1,ballet
0,0,0,0,0,0,0,0,1,0,ban
1,0,1,1,0,1,1,0,1,0,bang
1,1,0,1,0,0,1,0,1,0,banger
0,0,0,0,0,0,0,1,0,0,bank
0,0,0,0,0,0,0,1,0,0,banker
0,0,0,1,0,1,0,0,1,0,bankrupt
1,0,1,1,0,1,0,0,1,0,bankruptcy
0,0,0,0,0,0,0,0,0,1,baptism
0,0,0,0,0,0,0,1,0,1,bargain
1,0,0,0,0,0,0,0,1,0,barrier
0,1,0,0,1,0,0,0,0,1,basketball
0,0,1,0,0,1,0,0,1,0,bastard
0,0,0,0,0,0,0,0,0,1,bath
1,0,0,0,0,0,0,0,1,0,battle
1,0,0,1,0,1,0,0,1,0,battled
0,0,0,1,0,0,0,0,1,0,battlefield
0,0,0,0,1,0,0,0,0,0,beach
1,0,0,1,0,1,0,0,1,0,beating
0,0,0,0,1,0,0,0,0,1,beautiful
0,0,0,0,1,0,0,0,0,1,beauty
0,0,0,0,1,0,0,0,0,1,beer
0,0,0,0,0,1,0,0,1,0,beg
0,0,0,0,0,0,0,0,1,0,begging
0,1,0,0,0,0,0,0,0,0,begun
0,0,0,0,0,0,0,1,0,0,believed
0,0,0,0,0,0,0,1,0,1,believing
0,0,0,0,0,0,0,0,0,1,beneficial
0,0,0,0,0,0,0,0,0,1,benefit
0,0,0,0,0,1,0,0,1,0,bereaved
0,0,0,0,0,1,0,0,1,0,bereavement
0,1,0,1,0,0,0,0,1,0,beware
0,0,0,0,0,0,0,0,0,1,biblical
0,1,0,1,1,0,0,1,0,1,birth
0,1,0,0,1,0,1,0,0,1,birthday
1,0,1,1,0,1,0,0,1,0,bitch
1,0,1,0,0,1,0,0,1,0,bitterly
1,0,1,0,0,1,0,0,1,0,bitterness
0,0,0,0,0,1,0,0,1,0,black
0,0,0,0,0,0,0,0,1,0,blackjack
1,0,1,0,0,0,0,0,1,0,blame
1,0,1,0,0,0,0,0,1,0,blatant
0,0,1,1,0,1,0,0,1,0,bleeding
0,1,0,0,1,0,0,1,0,1,bless
0,0,0,0,1,0,0,0,0,1,blessed
0,1,0,0,1,0,0,1,0,1,blessing
0,1,0,0,1,0,1,1,0,1,blessings
0,0,0,0,0,0,0,0,1,0,blind
0,0,0,0,0,0,0,0,1,0,blinded
0,1,0,1,0,0,1,0,0,0,blindfold
0,0,0,0,0,1,0,0,1,0,blindly
0,0,0,0,0,1,0,0,1,0,blindness
0,0,0,0,1,0,0,0,0,1,bliss
0,0,0,0,1,0,0,0,0,1,blissful
1,0,1,1,0,1,0,0,1,0,bloody
0,0,0,0,0,1,0,0,0,0,blue
0,0,0,1,0,1,0,0,1,0,blues
0,0,0,0,0,0,0,0,1,0,blur
0,0,0,0,0,0,0,0,1,0,blurred
0,0,0,0,0,0,0,1,0,1,bodyguard
0,0,1,0,0,0,0,0,1,0,boil
0,0,0,0,0,0,0,0,0,1,bold
0,1,0,0,1,0,1,0,0,1,bonus
0,0,0,0,0,0,0,0,1,0,boo
0,0,0,0,0,0,0,0,1,0,booby
0,0,0,0,0,0,0,0,0,1,bookshop
0,1,0,0,0,0,0,1,0,0,boomerang
0,0,0,0,0,0,0,0,1,0,booze
0,0,0,0,0,0,0,0,1,0,bore
0,0,0,0,0,1,0,0,1,0,boredom
0,0,0,0,0,0,0,0,1,0,boring
0,0,0,0,0,0,0,0,1,0,bother
1,0,0,0,0,1,0,0,1,0,bothering
0,0,0,0,0,1,0,0,1,0,bottom
0,0,0,1,0,0,0,0,0,0,bottomless
0,0,0,0,0,0,0,0,1,0,bound
0,0,1,0,0,0,0,0,0,0,bowels
0,0,1,0,0,0,0,0,1,0,boy
0,0,0,0,0,0,0,0,0,1,brains
0,0,0,0,0,0,0,0,0,1,bravery
0,0,0,0,0,0,1,0,0,0,break
0,0,0,0,0,0,0,0,0,1,breakfast
0,0,0,0,0,1,0,0,1,0,breakup
0,1,0,0,1,0,0,1,0,1,bride
0,0,0,0,1,0,0,1,0,1,bridesmaid
0,0,0,0,1,0,1,1,0,1,brighten
0,0,0,0,0,0,0,0,0,1,brightness
0,1,0,0,1,0,0,1,0,1,brilliant
0,0,0,1,0,1,0,0,1,0,broke
1,0,0,1,0,1,0,0,1,0,broken
0,0,0,0,0,0,0,1,0,1,brother
0,0,0,0,0,0,0,1,0,1,brotherhood
1,0,0,1,0,0,0,0,1,0,brutal
1,0,0,1,0,0,0,0,1,0,brutality
0,0,0,1,0,0,1,0,1,1,buck
0,1,0,0,1,0,0,1,0,1,buddy
0,0,0,0,0,0,0,1,0,0,budget
0,0,0,0,0,0,0,0,0,1,building
1,0,0,1,0,0,0,0,1,0,bully
0,0,1,0,0,1,0,0,1,0,bum
1,0,0,1,0,1,0,0,1,0,burial
0,0,0,1,0,1,0,0,1,0,buried
0,0,1,0,0,0,0,0,1,0,burnt
0,0,0,0,0,1,0,0,0,0,bury
0,0,0,0,0,0,0,0,1,0,butt
0,0,0,0,0,0,0,0,0,1,buttery
0,1,0,0,0,0,0,0,0,0,bye
0,0,0,0,0,0,0,0,0,1,cafe
0,0,0,0,0,0,0,0,0,1,cafeÃÅ
0,1,0,0,0,0,0,1,1,0,calls
0,0,0,0,0,0,0,0,0,1,calm
1,0,0,1,0,0,0,0,1,0,campaigning
1,0,1,1,0,1,0,0,1,0,cancer
0,0,0,0,0,0,0,0,0,1,captain
0,1,0,0,0,0,0,0,0,1,career
0,0,0,0,0,0,0,0,0,1,careful
0,0,0,0,0,0,0,0,0,1,carefully
0,0,0,0,0,0,0,0,0,1,caress
1,1,0,1,1,0,0,1,0,1,cash
0,0,0,0,0,0,0,1,0,0,cashier
1,0,0,1,0,1,0,0,1,0,casualty
0,0,0,0,0,0,1,0,0,0,catch
1,1,0,1,0,0,0,0,1,0,caution
0,1,0,1,0,0,0,1,0,1,cautious
0,1,0,0,1,0,0,0,0,1,celebrated
0,1,0,0,1,0,0,0,0,1,celebrating
0,1,0,0,1,0,1,1,0,1,celebration
1,1,1,0,1,0,1,1,1,1,celebrity
0,0,0,1,0,1,0,0,1,0,cemetery
0,0,0,0,0,0,0,1,0,1,center
0,0,0,0,0,0,0,0,0,1,certainty
0,0,0,0,0,0,0,1,0,1,chairman
1,0,0,1,0,0,0,0,1,0,challenge
0,1,0,0,1,0,0,1,0,1,champion
0,0,0,0,0,0,1,0,0,0,chance
0,0,0,1,0,0,0,0,0,0,change
0,1,0,0,1,0,0,1,0,1,charitable
0,0,0,0,1,0,0,0,0,1,charity
0,0,0,0,0,0,0,0,0,1,charm
0,0,0,0,1,0,0,0,1,1,charmed
0,0,0,0,0,0,0,0,0,1,charming
0,0,0,0,0,0,0,0,1,0,chatty
0,0,0,0,0,0,0,0,1,0,cheap
1,0,1,0,0,0,0,0,1,0,cheat
0,1,0,0,1,0,1,1,0,1,cheer
0,0,0,0,1,0,1,0,0,1,cheerful
0,0,0,0,1,0,0,0,0,1,cheering
0,1,0,0,1,0,0,0,0,1,cheery
0,0,0,0,0,0,0,0,1,0,cheesecake
0,1,0,0,1,0,1,1,0,1,cherish
0,1,0,0,1,0,0,0,0,1,child
0,0,0,0,1,0,0,0,0,1,childhood
0,0,0,0,0,0,0,0,1,0,chilly
0,1,0,0,1,0,0,1,0,1,chocolate
0,0,0,0,0,0,0,0,0,1,choice
0,0,0,0,1,0,0,1,0,1,choir
1,0,0,0,0,1,0,0,1,0,choke
0,0,0,0,0,0,0,0,1,0,chore
0,0,0,0,0,0,0,0,0,1,chorus
0,0,0,0,0,0,0,0,0,1,chowder
0,0,0,0,0,1,0,0,1,0,chronic
0,0,0,0,0,0,0,1,0,1,chronicle
0,1,0,0,1,0,1,1,0,1,chuckle
0,1,0,0,1,0,0,1,0,1,church
0,0,0,0,0,0,0,0,1,0,cigarette
0,0,0,0,0,0,0,0,0,1,citizen
0,1,0,0,1,0,0,1,0,1,clap
0,0,0,0,0,0,0,0,0,1,clarify
0,0,0,0,0,0,0,0,0,1,classic
0,0,0,0,1,0,0,1,0,1,clean
0,0,0,0,0,0,0,0,0,1,cleaning
0,0,0,0,0,0,0,0,0,1,cleanse
0,0,0,0,0,0,0,0,0,1,cleansing
0,0,0,0,0,0,0,0,0,1,clever
0,1,0,0,1,0,1,1,0,1,climax
0,1,0,0,0,0,0,0,0,0,clock
0,1,0,0,1,1,0,0,0,1,closure
0,1,0,0,0,0,0,0,0,0,clue
0,0,0,0,0,0,0,1,0,0,coach
0,0,0,0,0,1,0,0,1,0,cocaine
0,0,0,1,0,1,0,0,1,0,coffin
0,0,0,0,0,0,0,0,1,0,cold
1,0,1,1,0,1,0,0,1,0,coldness
0,0,0,1,0,1,0,0,1,0,coma
0,1,0,0,1,0,0,1,0,1,comfort
0,1,0,0,0,0,0,0,0,0,coming
0,0,0,0,0,0,0,0,0,1,commentator
0,0,0,0,0,0,0,1,0,0,commerce
0,0,0,0,0,0,0,1,0,1,committed
0,0,0,0,0,0,0,1,0,0,committee
0,0,0,0,0,0,0,1,0,1,communicate
0,0,0,0,0,0,0,1,0,0,communication
0,0,0,0,1,0,0,1,0,1,communion
1,0,0,1,0,1,0,0,1,0,communism
0,0,0,0,0,0,0,0,1,0,communist
0,0,0,0,0,0,0,0,0,1,community
0,0,0,0,0,0,0,0,0,1,commute
0,0,0,0,1,0,0,1,0,1,companion
0,0,0,1,0,0,0,0,0,1,compassion
0,0,0,0,0,0,0,0,0,1,compassionate
0,0,0,0,0,0,0,0,0,1,compelling
0,1,0,0,1,0,1,1,0,1,compensate
0,0,0,0,0,0,0,1,0,1,competent
0,1,0,0,0,0,0,0,1,0,competition
1,0,0,0,0,1,0,0,1,0,complain
1,0,0,0,0,0,0,0,1,0,complaint
0,0,0,0,0,0,0,0,0,1,completely
0,0,0,0,0,0,0,0,1,0,complexity
0,0,0,0,0,0,0,1,0,1,compliance
0,0,0,0,0,0,0,0,1,0,complicated
0,1,0,0,1,0,1,1,0,1,compliment
0,0,0,0,0,0,0,0,0,1,comprehend
0,0,0,0,0,0,0,0,0,1,comprehensive
0,0,0,0,0,0,0,1,0,1,comrade
0,0,0,1,0,1,0,0,0,0,concerned
1,0,0,0,0,0,0,0,1,0,condemn
0,0,0,0,0,0,0,1,1,1,confess
0,1,0,1,0,1,1,0,1,0,confession
0,0,0,1,1,0,0,1,0,1,confidence
0,0,0,0,1,0,0,1,0,1,confident
1,0,1,1,0,1,0,0,1,0,confined
1,0,0,1,0,1,0,0,1,0,conflict
0,0,0,0,0,0,0,0,1,0,conflicting
1,0,0,0,0,0,0,0,0,0,confront
0,0,0,0,0,0,0,0,1,0,confuse
1,0,0,1,0,0,0,0,1,0,confusion
0,0,0,0,0,0,0,0,1,0,congestion
0,0,1,0,0,0,0,1,0,0,congress
0,0,0,0,0,0,0,0,0,1,consciousness
0,1,0,0,0,0,0,1,0,1,conservation
0,0,0,0,0,0,0,1,0,1,considerate
0,0,0,0,0,0,0,1,0,1,constant
0,0,0,0,0,0,0,1,0,0,constantly
0,0,1,0,0,0,0,0,1,0,constipation
0,0,0,0,0,0,0,1,0,0,consult
0,0,0,0,0,0,0,0,0,1,contact
0,1,1,1,0,0,0,0,1,0,contagion
0,0,1,1,0,0,0,0,1,0,contagious
1,0,1,1,0,0,0,0,1,0,contempt
0,1,0,0,0,0,0,0,0,0,continuation
0,1,0,0,0,0,0,1,0,1,continue
1,0,0,0,0,0,0,0,1,0,contradict
0,0,0,0,0,0,0,0,1,0,contradiction
0,0,0,0,0,0,0,0,1,0,contradictory
0,1,0,0,0,0,0,1,0,1,convince
0,0,0,0,0,0,0,1,0,0,convinced
0,0,0,0,0,0,0,1,0,0,convincing
0,0,0,0,0,0,0,0,0,1,cool
0,0,0,0,0,0,0,1,0,1,cooperation
0,0,0,1,0,0,0,1,0,0,cop
0,0,0,0,0,0,0,0,1,0,coroner
0,0,0,0,0,0,0,1,0,1,corporation
0,0,1,0,0,1,0,0,1,0,corpse
0,0,0,0,0,0,0,0,1,0,correction
0,0,0,0,0,1,0,0,0,0,couch
0,0,1,0,0,0,0,0,1,0,cough
0,1,0,0,0,0,0,1,0,1,council
1,0,0,1,0,0,0,1,1,0,counsellor
1,0,0,0,0,0,1,0,0,0,coup
0,0,0,0,0,0,0,0,0,1,courage
0,0,0,1,0,0,0,0,0,1,courageous
0,0,1,1,0,1,0,0,1,0,coward
0,0,0,1,0,0,0,0,1,0,cowardly
0,0,0,0,0,0,0,0,1,0,crack
0,1,0,0,0,0,0,0,1,0,cramp
0,0,0,0,0,0,0,0,1,0,cramped
0,0,1,0,0,0,0,0,1,0,crap
0,1,0,0,0,0,0,0,0,0,crave
0,1,0,0,0,0,0,0,0,0,craving
0,0,1,0,0,0,0,0,1,0,crawl
1,0,0,1,0,0,0,0,1,0,crazed
1,0,0,1,0,1,0,0,1,0,crazy
0,1,0,0,1,0,1,0,0,1,cream
0,0,0,0,1,0,0,0,0,1,create
0,0,0,0,0,0,0,0,0,1,creative
0,0,0,0,0,0,0,1,0,1,credit
0,0,0,0,0,0,0,0,0,1,credited
1,0,1,1,0,0,0,0,1,0,criminal
0,0,0,0,0,0,0,0,1,0,crisis
0,0,0,0,0,0,0,1,1,0,crisp
1,0,0,0,0,1,0,0,1,0,criticism
1,0,1,1,0,1,0,0,1,0,criticize
0,0,0,0,0,0,0,0,1,0,crook
1,0,0,1,0,1,0,0,1,0,cross
0,0,1,0,0,0,0,0,1,0,crude
1,0,1,1,0,1,0,0,1,0,cruel
1,0,1,1,0,1,0,0,1,0,cruelty
1,0,0,1,0,0,0,0,1,0,crusade
1,0,1,1,0,1,0,0,1,0,crushed
1,0,1,1,0,0,0,0,1,0,crushing
0,0,0,0,0,1,0,0,1,0,cry
0,0,0,0,0,1,0,0,1,0,crying
0,0,0,1,0,1,0,0,1,0,crypt
0,0,0,0,1,0,0,1,0,1,cuddle
0,0,0,0,0,0,0,0,0,1,culture
0,1,0,0,0,0,1,0,0,1,curiosity
1,0,1,1,0,1,0,0,1,0,curse
0,0,0,0,0,0,0,0,0,1,customer
0,0,0,0,0,0,0,0,0,1,cute
0,0,1,0,0,0,0,0,0,0,cystic
0,1,0,0,0,0,0,0,0,0,daily
1,0,1,0,0,1,0,0,1,0,damage
0,0,0,0,0,1,0,0,1,0,damages
1,0,1,0,0,0,0,1,0,1,dame
1,0,1,0,0,0,0,0,1,0,damn
1,0,0,1,0,1,0,0,1,0,damnation
0,0,0,0,0,0,0,0,1,0,damned
0,0,0,0,1,0,0,1,0,1,dance
0,0,0,1,0,1,0,0,1,0,danger
0,0,0,1,0,0,0,0,1,0,dangerous
0,0,1,0,0,0,0,0,0,0,dank
0,1,0,0,0,0,0,1,0,0,dare
0,0,0,0,0,0,0,0,0,1,daring
0,0,0,0,0,1,0,0,0,0,dark
1,0,0,1,0,1,0,0,1,0,darkness
0,0,0,0,1,0,0,1,0,1,darling
0,0,0,0,1,0,0,0,0,1,daughter
0,0,0,0,0,0,0,0,1,0,dazed
0,0,0,0,0,0,0,0,1,0,deaf
0,1,0,0,1,0,1,1,0,1,deal
0,0,0,0,0,0,0,0,0,1,dear
1,1,1,1,0,1,1,0,1,0,death
0,0,0,0,0,0,0,0,0,1,debate
0,0,0,0,0,1,0,0,1,0,debt
0,0,0,1,0,1,0,0,1,0,decay
0,0,0,0,0,1,0,0,1,0,deceased
1,0,1,0,0,1,0,0,1,0,deceive
0,0,0,0,0,0,0,1,1,0,deceiving
0,0,0,0,0,0,0,0,0,1,decent
0,0,0,0,0,0,0,0,1,0,defeat
0,0,0,0,0,1,0,0,1,0,defeated
1,0,0,0,0,0,0,0,1,0,defect
0,0,0,1,0,0,0,0,0,1,defend
0,0,0,0,0,0,0,1,0,1,defended
0,0,0,0,0,0,0,1,0,1,defender
0,0,0,0,0,0,0,0,0,1,defending
1,1,0,1,0,0,0,0,0,1,defense
0,0,0,0,0,0,0,1,0,1,definitive
0,0,1,1,0,1,0,0,1,0,degrading
1,0,1,1,0,1,0,0,1,0,delay
0,0,0,0,0,0,0,0,1,0,delayed
0,0,0,0,0,0,0,0,0,1,delectable
0,0,0,0,0,0,0,1,0,1,delegate
0,0,0,0,1,0,0,0,0,1,delicious
0,1,0,0,1,0,0,0,0,1,delight
0,1,0,0,1,0,1,0,0,1,delighted
0,1,0,0,1,0,0,1,0,1,delightful
0,1,0,0,0,0,0,0,0,1,delivery
1,0,0,0,0,0,0,0,1,0,demand
0,0,0,0,0,0,0,0,1,0,demanding
0,0,0,1,0,1,0,0,1,0,demise
1,0,1,1,0,1,0,0,1,0,demon
1,0,1,1,0,1,0,0,1,0,demonic
0,0,0,0,0,0,0,0,1,0,denial
0,0,0,0,0,1,0,0,1,0,denied
0,0,0,1,0,0,0,0,0,0,dentistry
1,0,0,0,0,0,0,0,1,0,deny
0,1,0,0,0,0,0,0,1,0,denying
0,1,0,0,0,1,0,0,0,0,depart
0,0,0,0,0,1,0,0,1,0,departed
0,0,0,0,0,1,0,0,1,0,departure
0,1,0,0,0,0,0,1,0,0,depend
0,0,0,0,0,0,0,1,1,1,dependent
0,0,0,1,0,1,0,0,1,0,depress
1,0,0,1,0,1,0,0,1,0,depressed
0,0,1,0,0,1,0,0,1,0,depressing
0,0,0,0,0,1,0,0,1,0,depression
0,0,0,0,0,1,0,0,1,0,depressive
1,0,1,1,0,1,0,0,1,0,deprivation
0,0,0,0,0,0,0,1,0,1,depth
0,0,0,0,0,0,0,0,0,1,desirable
1,0,1,1,0,1,0,0,1,0,despair
0,0,0,0,0,0,0,0,1,0,desperate
1,0,1,0,0,0,0,0,1,0,despise
0,1,0,1,1,1,1,0,0,1,destination
1,0,0,1,0,1,0,0,1,0,destroyed
1,0,0,1,0,0,0,0,1,0,destroyer
1,0,0,1,0,1,0,0,1,0,destroying
1,0,0,0,0,0,0,0,1,0,destruction
1,0,1,1,0,0,0,0,1,0,destructive
0,0,0,0,0,0,0,1,0,1,determination
0,0,0,0,0,0,0,0,0,1,determined
1,0,1,1,0,1,0,1,1,0,devastating
1,0,0,1,0,1,1,0,1,0,devastation
0,1,0,0,0,0,0,0,0,1,develop
1,1,1,1,0,1,0,0,1,0,devil
0,0,1,1,0,0,0,0,1,0,devilish
0,1,0,1,0,0,0,1,1,0,diagnosis
0,0,1,0,0,0,0,0,0,0,diarrhoea
0,0,0,0,1,0,0,1,0,1,diary
0,0,0,1,0,0,0,0,1,0,dictator
0,0,0,1,0,1,0,0,1,0,die
0,1,0,0,0,0,0,0,0,1,dietary
0,0,0,0,0,0,1,0,0,0,differently
0,0,0,1,0,0,0,0,0,0,difficult
0,0,0,0,0,1,0,0,1,0,difficulties
1,0,0,1,0,1,0,0,1,0,difficulty
0,0,0,0,0,0,0,0,0,1,dignified
0,0,0,0,0,0,0,1,0,1,dignity
0,0,0,0,0,0,0,0,0,1,dinner
0,1,0,0,0,0,0,1,0,1,diplomacy
0,0,0,0,0,0,0,1,0,1,diplomatic
0,0,0,0,0,0,0,1,0,1,director
0,0,1,0,0,0,0,0,1,0,dirty
1,0,0,0,0,0,0,0,1,0,disagree
1,0,0,0,0,1,0,0,1,0,disagreeing
1,0,0,0,0,1,0,0,1,0,disagreement
0,0,0,1,0,0,0,0,0,0,disappear
1,0,1,0,0,1,0,0,1,0,disappoint
1,0,1,0,0,1,0,0,1,0,disappointed
0,0,0,0,0,1,0,0,1,0,disappointing
0,0,1,0,0,1,0,0,1,0,disappointment
1,0,1,1,0,1,1,0,1,0,disaster
0,0,0,1,0,0,0,0,1,0,discipline
0,0,0,0,0,1,0,0,1,0,discomfort
0,0,0,0,0,0,0,0,0,1,discovery
0,0,0,0,0,0,0,0,0,1,discussion
1,0,1,1,0,1,0,0,1,0,disease
0,0,1,1,0,1,0,0,1,0,diseased
1,0,1,0,0,1,0,0,1,0,disgrace
1,0,1,0,0,0,0,0,1,0,disgraceful
1,0,1,1,0,1,0,0,1,0,disgust
1,0,1,1,0,0,0,0,1,0,disgusting
0,0,0,0,0,1,0,0,1,0,disheartened
1,0,1,0,0,0,0,0,1,0,dislike
1,0,0,0,0,1,0,0,1,0,disliked
1,1,0,1,0,1,1,0,1,0,dismay
0,0,0,0,0,0,0,0,1,0,disregard
0,0,0,0,0,0,0,0,0,1,distinction
0,0,0,0,0,0,0,0,1,0,distract
1,0,0,0,0,0,0,0,1,0,distracted
1,1,0,0,0,0,0,0,1,0,distracting
0,0,0,0,0,0,0,0,1,0,distraction
0,0,0,0,0,1,0,0,1,0,distraught
1,0,1,1,0,1,1,0,1,0,distress
0,0,0,1,0,0,0,0,1,0,distressed
1,0,0,1,0,0,0,0,1,0,distressing
1,0,0,1,0,1,1,0,1,0,disturbance
1,0,0,0,0,1,0,0,1,0,disturbed
1,0,1,1,0,1,1,1,1,0,divorce
0,0,0,0,0,0,0,0,1,0,dizzy
0,0,0,0,0,0,0,1,0,1,doctor
0,0,0,1,0,0,0,0,1,0,dominant
1,0,0,1,0,0,0,0,1,1,dominate
1,0,0,1,0,1,0,0,1,0,domination
0,0,0,0,0,0,0,0,0,1,donation
0,0,0,1,0,0,0,0,1,0,doom
0,0,0,1,0,1,0,0,1,0,doomed
1,1,1,1,0,1,0,0,1,0,doomsday
0,0,0,1,0,1,0,1,1,0,doubt
0,0,0,0,0,0,0,0,1,0,doubtful
0,0,0,0,0,0,0,0,1,0,doubting
0,0,0,0,0,0,0,0,1,0,douche
0,1,0,1,0,0,0,0,1,0,dread
1,1,1,1,0,1,0,0,1,0,dreadful
0,0,0,0,0,0,0,0,1,0,drinking
0,0,1,0,0,0,0,0,0,0,drool
0,0,0,1,0,1,0,0,1,0,drown
0,0,0,0,0,1,0,0,0,0,drugged
0,0,1,0,0,0,0,0,1,0,drunken
0,0,0,0,0,0,0,0,1,0,drunkenness
0,0,0,1,0,0,0,1,1,0,dubious
0,0,0,0,0,0,0,0,0,1,duke
0,0,0,0,0,1,0,0,1,0,dull
0,0,0,0,0,0,0,0,1,0,dumb
0,0,0,0,0,0,0,0,1,0,dummy
1,0,0,0,0,1,0,0,1,0,dumps
1,0,1,1,0,1,0,0,1,0,dying
0,0,0,0,0,0,1,0,0,0,dynamic
0,1,0,0,1,0,1,1,0,1,eager
0,0,0,0,0,0,0,0,0,1,earn
0,0,0,0,0,0,0,0,0,1,earnest
0,0,0,0,0,0,0,0,0,1,ease
0,0,0,0,0,0,0,0,0,1,eat
0,0,0,0,0,0,0,1,0,0,economy
0,1,0,0,1,0,0,0,0,1,ecstasy
0,1,0,0,1,0,1,0,0,1,ecstatic
0,1,0,0,0,0,0,0,0,0,edition
0,0,0,0,0,0,0,0,0,1,educate
0,0,0,0,0,0,0,0,0,1,educated
0,0,0,0,0,0,0,1,0,1,educational
0,0,0,0,0,0,0,1,0,1,effective
0,0,0,0,0,0,0,0,0,1,efficiency
0,1,0,0,0,0,0,1,0,1,efficient
0,0,0,0,0,0,0,0,0,1,effort
0,0,1,0,0,0,0,0,1,0,egotistical
1,0,0,0,0,0,0,0,0,0,elbow
0,1,0,0,1,0,0,1,0,1,elegance
0,0,0,0,1,0,0,0,0,1,elegant
0,1,0,0,1,0,0,1,0,1,elite
0,0,0,0,0,1,0,0,1,0,embarrass
0,0,0,0,0,0,0,0,1,0,embarrassing
0,0,0,1,0,1,1,0,1,0,embarrassment
0,0,0,0,0,0,0,0,0,1,empathy
0,0,0,0,0,0,0,1,0,0,employ
0,0,0,0,0,1,0,0,0,0,emptiness
0,0,0,0,0,0,0,1,0,1,enable
0,0,0,0,1,0,0,1,0,1,encourage
0,0,0,0,0,0,0,0,0,1,encouragement
1,0,0,1,1,1,0,1,1,1,endless
1,0,1,1,0,0,0,0,1,0,enemy
0,0,0,0,0,0,0,0,0,1,energetic
0,1,0,0,1,0,0,1,0,1,engaged
0,0,0,0,1,0,0,1,0,1,engaging
0,1,0,0,1,0,0,1,0,1,enjoy
0,1,0,0,1,0,0,1,0,1,enjoying
0,0,0,0,1,0,0,1,0,1,enlighten
0,0,0,0,1,0,0,0,0,1,entertain
0,0,0,0,1,0,0,0,0,1,entertained
0,1,0,0,1,0,0,0,0,1,entertaining
0,1,0,0,1,0,1,1,0,1,entertainment
0,1,0,0,1,0,1,0,0,1,enthusiasm
0,1,0,0,1,0,1,0,0,1,enthusiast
0,0,0,0,0,0,0,0,1,0,envious
1,1,1,1,0,1,1,0,1,0,epidemic
0,0,0,0,1,0,0,1,0,1,equality
0,0,0,0,0,0,0,0,0,1,equally
0,0,0,0,0,0,0,0,0,1,equity
0,1,0,0,1,0,1,1,1,1,erotic
0,1,0,1,0,0,0,0,1,1,escape
0,0,0,1,0,0,0,0,0,0,escaped
0,0,0,0,0,0,0,0,0,1,essential
1,0,1,1,0,1,0,0,1,0,evil
0,0,0,1,0,0,1,0,1,0,examination
0,1,0,0,1,0,1,1,0,1,excel
0,0,1,0,1,0,0,1,0,1,excellence
0,0,0,0,1,0,0,1,0,1,excellent
0,0,0,0,0,0,0,1,0,1,exchange
0,0,0,0,0,0,0,0,0,1,excitable
1,1,0,1,1,0,1,0,0,1,excite
0,1,0,0,1,0,1,1,0,1,excited
0,1,0,0,1,0,1,0,0,1,excitement
0,1,0,0,1,0,1,0,0,1,exciting
0,0,1,0,0,1,0,0,1,0,excluded
0,0,0,0,0,1,0,0,1,0,excluding
0,0,0,1,0,0,0,0,1,0,excruciating
0,0,0,0,0,0,0,0,1,0,excuse
1,0,0,1,0,1,0,1,1,0,execution
0,0,0,0,0,0,0,0,1,0,exhaust
0,0,0,0,0,1,0,0,1,0,exhausted
0,1,0,0,0,1,0,0,1,0,exhaustion
0,1,0,0,0,0,1,1,0,1,expect
0,1,0,0,0,0,0,0,0,1,expectation
0,1,0,0,0,0,0,0,0,0,expected
0,1,0,0,0,0,0,0,0,0,expecting
0,0,0,0,0,0,0,0,1,0,expenses
0,0,0,0,0,0,0,1,0,1,experienced
0,1,0,0,0,0,1,0,0,0,experiment
0,0,0,0,0,0,0,1,0,1,expert
0,0,0,0,0,0,0,1,0,1,expertise
0,0,0,0,0,0,0,1,0,1,explain
0,1,0,0,0,0,0,0,0,0,explore
0,0,0,0,0,0,0,0,0,1,extra
0,0,0,0,0,0,0,1,0,0,eyewitness
0,0,0,0,0,0,0,1,0,0,fact
0,0,0,0,0,0,0,1,0,1,facts
0,0,0,0,0,0,0,1,0,1,faculty
0,0,0,0,0,0,0,0,1,0,fade
1,1,0,1,0,1,0,0,1,0,failing
0,0,1,1,0,1,0,0,1,0,failure
0,0,0,1,0,1,1,0,1,0,fainting
0,0,0,0,0,0,0,0,0,1,fair
0,0,0,0,0,0,0,1,0,1,fairly
0,1,0,0,1,0,0,1,0,1,faith
0,0,0,0,0,0,0,1,0,1,faithful
0,0,0,0,0,1,0,0,1,0,faithless
0,0,0,0,0,0,0,0,1,0,fake
0,0,0,0,0,1,0,0,1,0,fall
0,0,0,0,0,1,0,0,1,0,falling
0,0,0,0,0,0,0,0,0,1,fame
0,0,0,0,0,0,0,1,0,1,familiar
0,0,0,0,0,0,0,0,0,1,famous
0,0,1,0,0,1,0,0,1,0,fat
1,0,0,1,0,1,0,0,1,0,fatal
0,0,0,1,0,1,0,0,1,0,fatality
0,1,0,0,0,0,0,0,1,0,fate
0,0,0,0,0,0,0,1,0,0,father
0,0,0,0,0,0,0,0,1,0,fatigue
0,0,1,0,0,1,0,0,1,0,fatty
0,0,0,0,0,1,0,0,1,0,fault
0,0,0,0,0,0,0,0,1,0,faulty
0,0,0,0,1,0,0,1,0,1,favorite
1,0,0,1,0,0,0,0,1,0,fear
0,0,0,1,0,1,0,0,1,0,fearful
0,0,0,1,0,0,0,0,1,0,fearing
0,0,0,1,0,0,0,0,0,1,fearless
1,0,0,0,0,0,0,0,1,0,fee
1,1,1,1,1,1,1,1,1,1,feeling
0,0,0,0,0,1,0,0,1,0,fell
0,0,0,0,0,0,0,1,0,1,fellow
0,0,0,0,0,0,0,0,0,1,fellowship
0,0,0,0,0,0,0,0,0,1,female
0,1,0,0,1,0,1,0,0,1,festival
0,0,0,0,1,0,0,0,0,1,festive
1,0,0,0,0,0,0,0,1,0,feud
0,0,0,1,0,0,0,0,0,0,fever
0,1,0,0,1,0,1,1,0,1,fiesta
1,0,0,1,0,0,0,0,1,0,fight
1,0,0,0,0,0,0,0,1,0,fighting
0,0,0,0,0,0,0,1,0,0,fill
0,1,1,0,1,0,1,1,0,1,finally
0,0,0,1,0,0,0,0,0,0,fire
0,0,0,0,1,0,0,0,0,1,flattering
0,0,0,1,0,0,0,0,0,0,fled
0,0,0,1,0,0,0,0,1,0,flee
1,0,1,0,0,1,0,0,1,0,fleece
0,0,0,0,0,0,0,0,0,1,fleet
0,0,1,0,0,0,0,0,0,0,flesh
0,0,0,0,0,0,0,0,0,1,flexibility
0,1,0,0,1,0,1,1,1,1,flirt
0,0,0,0,0,0,0,0,0,1,flow
0,0,0,0,0,0,0,0,0,1,flowery
0,0,0,1,0,0,0,0,1,0,flu
0,0,0,1,0,0,0,0,0,1,flying
1,0,0,1,0,0,0,0,1,0,foe
0,0,0,0,1,0,0,1,0,1,food
0,0,1,0,0,0,0,0,1,0,fool
0,0,0,0,0,0,0,0,1,0,foolish
0,0,0,0,0,0,0,0,1,0,foolishness
0,1,0,0,1,0,0,0,0,1,football
0,0,0,0,0,1,0,0,1,0,forbid
1,0,0,1,0,0,0,0,1,0,force
0,0,0,1,0,0,0,0,1,0,forced
1,1,0,0,0,0,0,0,0,0,forearm
0,0,0,0,0,0,0,0,1,0,forget
0,0,0,0,0,0,0,0,0,1,forgive
0,0,0,0,0,0,0,0,0,1,forgiven
0,0,0,0,0,0,0,1,0,1,forgiving
0,0,0,1,0,1,0,0,1,0,forgotten
0,1,0,0,1,0,1,1,0,1,fortune
0,0,0,0,0,0,0,0,0,1,forward
0,0,0,0,1,0,0,1,0,1,found
0,0,0,0,0,0,0,0,0,1,foundation
0,0,0,1,0,1,0,0,1,0,fragile
0,0,0,0,0,0,0,0,0,1,fragrant
0,1,1,1,0,0,1,0,1,0,frantic
0,0,0,0,1,0,0,1,0,1,freedom
0,0,0,0,1,0,0,1,0,1,freely
0,0,0,0,0,0,0,0,1,0,freezing
0,0,0,0,1,0,0,1,0,1,friend
0,1,0,0,1,0,0,1,0,1,friendly
0,0,0,0,1,0,0,1,0,1,friendship
0,0,0,1,0,0,1,0,1,0,fright
0,0,0,1,0,1,1,0,1,0,frighten
0,0,0,1,0,0,1,0,1,0,frightened
0,0,0,0,0,0,0,0,0,1,fruitful
1,0,1,0,0,1,0,0,1,0,frustrate
1,0,0,0,0,0,0,0,1,0,frustrated
1,0,0,0,0,0,0,0,1,0,frustration
0,0,0,0,1,0,0,0,0,1,fulfill
0,0,0,0,0,0,0,0,0,1,full
0,0,0,0,0,0,0,1,0,1,fully
0,0,0,0,0,0,0,0,1,0,fume
1,0,0,0,0,0,0,0,1,0,fuming
0,1,0,0,1,0,0,0,0,1,fun
0,0,0,0,0,0,0,1,0,1,fundamental
0,0,0,0,0,1,0,0,0,0,funeral
1,0,1,0,0,0,0,0,1,0,furious
1,0,0,0,0,0,0,0,0,0,furiously
1,0,0,1,0,1,0,0,1,0,fury
0,1,0,0,1,0,0,0,0,1,gain
0,0,0,0,0,0,0,0,0,1,gaining
0,0,0,0,0,0,0,0,1,0,gamble
0,1,0,0,0,0,1,0,1,0,gambling
1,0,0,1,0,0,0,0,1,0,gang
0,0,0,0,0,0,0,0,1,0,gap
0,0,0,0,1,0,0,0,0,1,garden
0,0,0,0,0,0,0,1,0,0,gate
0,0,0,0,0,0,0,1,0,0,gateway
0,0,0,0,0,0,0,1,0,1,gazette
0,0,0,0,0,0,0,1,0,1,general
0,1,0,0,1,0,1,1,0,1,generosity
0,0,0,0,1,0,0,1,0,1,generous
1,0,1,1,0,0,0,0,1,0,gent
0,0,0,0,0,0,0,1,0,1,gentleman
0,0,0,0,0,0,0,1,0,1,genuine
0,0,0,1,0,0,0,0,0,0,ghost
0,0,0,1,0,0,0,0,1,0,ghostly
0,0,0,1,0,0,0,0,0,0,giant
0,0,0,0,0,0,0,0,0,1,gigantic
0,0,0,0,1,0,0,0,0,1,giggle
0,0,0,0,0,0,0,0,0,1,giving
0,1,0,0,1,0,0,0,0,1,glad
0,0,0,0,0,1,0,0,1,0,gloom
0,0,0,0,0,1,0,0,1,0,gloomy
0,1,0,0,1,0,0,1,0,1,glory
0,1,0,0,1,0,0,1,0,1,glow
0,0,0,0,0,0,0,0,0,1,glowing
0,1,0,1,1,0,0,1,0,1,god
0,1,0,0,1,0,1,1,0,1,good
0,1,0,0,1,0,1,1,0,1,goodness
0,0,0,0,1,0,0,0,0,1,gorgeous
0,0,0,0,0,0,0,1,0,1,gospel
0,0,0,0,0,0,0,0,1,0,gossip
0,0,0,1,0,0,0,0,1,0,government
0,0,0,0,0,0,0,1,0,0,governor
1,0,0,0,0,0,0,0,1,0,grab
0,0,0,0,0,0,0,0,0,1,grace
0,0,0,0,0,0,0,0,0,1,graceful
0,0,0,0,0,0,0,0,0,1,gracious
0,1,0,1,1,0,1,1,0,1,graduation
0,1,0,0,1,0,0,1,0,1,grandchildren
0,0,0,0,0,0,0,1,0,0,grandfather
0,0,0,0,0,0,0,0,0,1,grandmother
0,0,0,0,0,0,0,0,0,1,grateful
1,0,1,0,0,0,0,0,1,0,grating
0,0,0,0,1,0,0,0,0,1,gratitude
0,0,0,1,0,1,0,0,1,0,grave
0,0,1,0,0,1,0,0,0,0,gray
0,0,1,0,0,0,0,0,0,0,greasy
0,0,0,0,0,0,0,0,0,1,greater
0,0,0,0,1,0,1,1,0,1,greatness
1,0,1,0,0,0,0,0,1,0,greed
0,0,1,0,0,0,0,0,1,0,greedy
0,0,0,0,1,0,0,1,0,1,green
0,0,0,0,0,0,1,0,0,1,greeting
0,0,0,0,0,1,0,0,1,0,grief
0,0,0,1,0,1,0,0,1,0,grieve
1,1,1,1,0,1,0,0,1,0,grim
0,0,1,0,0,0,0,0,1,0,grime
0,1,0,0,1,0,1,1,0,1,grin
0,0,1,0,0,0,0,0,1,0,gross
0,0,0,0,0,0,0,1,0,0,ground
0,0,0,1,0,1,0,0,1,0,grounded
0,1,0,0,1,0,0,1,0,1,grow
0,0,0,0,0,0,0,0,0,1,growth
1,0,0,0,0,0,0,0,1,0,grudge
0,0,0,0,0,0,0,1,0,1,guarantee
0,0,0,1,0,0,0,1,0,1,guard
0,0,0,0,0,0,0,1,0,1,guardian
0,0,0,0,0,0,1,0,0,0,guess
0,0,1,0,0,1,0,0,1,0,guilt
1,0,0,0,0,1,0,0,1,0,guilty
0,0,0,1,0,0,1,0,0,0,gulp
0,0,1,0,0,0,0,0,0,0,gut
0,0,0,0,0,0,0,0,0,1,guts
0,0,0,0,0,0,0,0,0,1,gymnast
0,0,1,0,0,0,0,0,1,0,hairy
1,0,0,0,0,1,0,0,1,0,hamstring
1,0,1,1,0,1,0,0,1,0,hanging
0,1,0,0,0,0,0,0,0,0,happen
0,0,0,0,1,0,0,0,0,1,happily
0,1,0,0,1,0,0,0,0,1,happiness
0,1,0,0,1,0,0,1,0,1,happy
1,0,1,0,0,0,0,0,1,0,harass
1,0,0,0,0,0,0,0,0,0,harassing
1,0,1,1,0,0,0,0,1,0,hardened
0,0,0,1,0,0,0,0,1,0,harm
1,0,1,1,0,1,0,0,1,0,harmful
0,0,0,0,1,0,0,1,0,1,harmony
1,0,1,1,0,1,0,0,1,0,hate
1,0,1,1,0,1,0,0,1,0,hateful
1,0,0,0,0,0,0,0,1,0,hating
1,0,1,1,0,1,0,0,1,0,hatred
0,0,0,1,0,1,0,0,1,0,haunted
0,0,0,1,0,0,0,0,1,0,hazard
0,0,0,1,0,0,0,0,1,0,hazardous
0,0,0,0,0,0,0,0,1,0,headache
0,0,0,0,1,0,0,1,0,1,heal
0,1,0,0,1,0,0,1,0,1,healing
0,0,0,0,0,0,0,0,0,1,healthy
0,0,0,1,0,0,0,0,1,0,hearing
0,0,0,0,0,0,0,0,1,0,heartburn
0,0,0,0,1,1,0,1,0,1,heartfelt
0,0,0,0,0,1,0,0,1,0,heartless
0,1,0,0,1,0,0,1,0,1,heavenly
0,0,0,0,1,0,0,1,0,1,heavens
0,0,0,0,0,0,0,0,1,0,heel
1,0,1,1,0,1,0,0,1,0,hell
1,0,1,1,0,1,0,0,1,0,hellish
0,0,0,0,0,0,0,1,0,1,helper
0,0,0,0,1,0,0,1,0,1,helpful
0,0,0,1,0,1,0,0,1,0,helpless
0,1,0,0,1,0,1,1,0,1,hero
0,0,0,0,1,0,1,1,0,1,heroic
0,0,0,0,0,0,0,0,1,0,heroin
0,0,0,0,0,0,0,1,0,1,heroine
0,0,1,0,0,0,0,0,1,0,herpes
0,0,0,1,0,0,0,0,1,0,hesitation
0,0,0,0,0,0,0,0,1,0,hidden
0,0,0,1,0,0,0,0,0,0,hide
0,0,0,1,0,0,0,0,0,0,hiding
0,1,0,1,1,0,1,0,1,1,highest
0,0,0,0,1,0,1,0,0,1,hilarious
0,1,0,0,1,0,0,1,0,1,hire
1,0,0,0,0,0,0,0,1,0,hit
0,0,0,0,1,0,0,0,0,1,hobby
0,0,0,0,0,1,0,0,1,0,hobo
0,1,0,0,1,0,0,0,0,1,holiday
1,0,1,1,0,1,0,0,1,0,holocaust
0,0,0,0,0,0,0,0,0,1,holy
1,1,1,1,0,1,0,0,1,0,homeless
0,0,0,0,0,1,0,0,1,0,homesick
0,0,0,1,0,0,0,0,0,0,homework
0,0,0,0,0,0,0,0,1,0,homosexuality
1,0,1,1,1,1,0,1,0,1,honest
0,0,0,0,0,0,0,1,0,1,honesty
0,0,0,0,0,0,0,0,0,1,honey
0,1,0,0,1,0,1,1,0,1,honeymoon
0,0,0,0,0,0,0,1,0,1,honor
0,1,0,0,1,0,1,1,0,1,hope
0,1,0,0,1,0,1,1,0,1,hopeful
0,0,0,1,0,1,0,0,1,0,hopeless
1,0,1,1,0,0,0,0,1,0,horrible
0,0,0,0,0,0,0,0,1,0,horribly
1,0,1,1,0,1,0,0,1,0,horrid
1,0,1,1,0,1,0,0,1,0,horrific
0,0,0,1,0,0,0,0,1,0,horrified
0,0,1,1,0,1,0,0,1,0,horrifying
1,0,1,1,0,1,1,0,1,0,horror
0,0,0,1,0,1,0,0,1,0,horrors
0,0,0,1,0,1,0,1,0,0,hospital
0,0,0,0,0,0,0,0,0,1,hospitality
1,0,1,1,0,0,0,0,1,0,hostile
1,0,0,0,0,0,0,0,0,0,hot
0,0,0,0,0,0,0,0,0,1,household
0,0,0,0,0,0,0,0,0,1,housekeeping
0,0,0,0,1,0,0,1,0,1,hug
0,0,0,0,0,0,0,0,0,1,humane
0,1,0,0,1,0,1,1,0,1,humanitarian
0,0,0,0,1,0,0,1,0,1,humanity
0,0,1,0,0,1,0,0,1,1,humble
1,0,0,0,0,1,0,0,1,0,humiliate
0,0,1,0,0,0,0,0,1,0,humiliating
0,0,1,0,0,1,0,0,1,0,humiliation
0,0,0,0,1,0,0,0,0,1,humorous
0,1,0,0,0,0,0,0,1,0,hungry
1,1,0,1,0,0,0,0,1,0,hunting
0,0,0,0,1,0,0,0,0,1,hurrah
0,1,0,0,0,0,0,0,0,0,hurry
1,0,0,1,0,1,0,0,1,0,hurt
1,0,1,1,0,1,0,0,1,0,hurtful
1,0,0,1,0,1,0,0,1,0,hurting
0,0,0,0,0,0,0,0,0,1,hush
0,1,0,0,1,1,0,1,0,1,hymn
0,0,1,0,0,0,0,0,1,0,idiot
1,0,1,0,0,0,0,0,1,0,idiotic
0,0,0,0,0,0,0,0,1,0,ignorance
0,0,1,0,0,0,0,0,1,0,ignorant
0,0,0,0,0,0,0,0,1,0,ignore
1,0,1,1,0,1,0,0,1,0,ill
0,0,0,1,0,1,0,0,1,0,illness
0,0,0,0,0,0,0,0,0,1,imaginative
0,1,0,0,0,0,0,0,1,1,immediately
1,0,1,1,0,1,0,0,1,0,immoral
0,0,0,0,0,0,0,0,0,1,immortal
0,1,0,0,0,0,0,0,0,0,immortality
0,1,0,0,0,0,0,0,1,0,impatient
0,1,0,0,0,0,0,0,0,1,importance
0,0,0,0,0,0,0,1,0,1,important
0,0,0,0,0,1,0,0,1,0,impossible
0,0,0,0,0,0,0,0,0,1,impress
0,0,0,0,0,0,0,0,0,1,impression
0,1,0,0,1,0,0,1,0,1,improve
0,0,0,0,0,0,0,0,0,1,improved
0,0,0,0,1,0,0,1,0,1,improvement
0,0,0,0,0,0,0,0,0,1,improving
0,0,0,0,0,1,0,0,1,0,inadequate
1,0,1,1,0,1,0,0,1,0,incest
0,0,0,0,0,0,1,0,0,0,incident
0,0,0,0,0,0,0,0,0,1,include
0,0,0,0,0,0,0,0,0,1,included
0,0,0,0,0,0,0,0,0,1,including
0,0,0,0,0,0,0,1,0,0,inclusion
0,0,0,0,0,0,0,0,0,1,inclusive
0,1,0,0,1,1,0,1,1,1,income
0,0,0,0,0,0,0,0,1,0,incompetence
1,0,0,0,0,1,0,0,1,0,incompetent
0,0,0,0,0,0,0,0,0,1,increase
0,0,0,0,0,0,0,0,1,0,indecisive
0,1,0,0,1,0,1,1,0,1,independence
0,0,0,0,0,0,0,0,0,1,individuality
0,0,0,0,0,0,0,0,1,0,ineffective
1,0,0,1,0,1,0,0,1,0,inequality
1,0,1,1,0,0,0,0,1,0,infamous
0,1,0,1,1,0,1,0,0,1,infant
0,0,1,0,0,0,0,0,1,0,infect
0,0,0,1,0,0,0,0,1,0,infection
0,0,1,1,0,1,0,0,1,0,infectious
0,0,0,0,0,1,0,0,1,0,inferior
0,0,0,0,0,0,0,0,0,1,infinite
0,1,0,0,1,0,0,1,0,1,infinity
0,0,0,0,0,0,0,0,1,1,influence
0,0,0,0,0,0,0,1,0,1,influential
0,0,0,0,0,0,0,1,0,0,inform
0,0,0,0,0,0,0,0,0,1,information
0,1,0,0,1,0,1,1,0,1,inheritance
1,0,0,1,0,1,0,0,1,0,injure
0,0,0,1,0,1,0,0,1,0,injured
1,0,0,1,0,1,0,0,1,0,injury
0,0,0,0,0,0,0,0,0,1,innocence
0,0,0,0,0,0,0,1,0,1,innocent
0,0,0,0,0,0,0,0,0,1,innocently
0,1,0,0,0,0,0,0,0,1,inquiry
1,0,0,1,0,0,0,0,1,0,insane
1,0,0,1,0,1,0,0,1,0,insecure
0,0,0,1,0,0,0,0,1,0,insecurity
1,0,0,0,0,1,0,0,1,0,insignificant
0,0,0,0,0,0,0,0,0,1,inspector
0,1,0,0,1,0,0,0,0,1,inspiration
0,1,0,0,1,0,0,1,0,1,inspire
0,0,0,0,1,0,1,1,0,1,inspired
0,0,0,0,0,0,0,1,0,1,instruction
0,1,0,0,0,0,0,1,0,0,instructions
0,1,0,0,0,0,0,1,0,1,instructor
1,0,1,0,0,1,1,0,1,0,insult
1,0,1,1,0,1,0,0,1,0,insulting
0,0,0,0,0,0,0,0,0,1,intellect
0,0,0,0,0,0,0,0,0,1,intellectual
0,0,0,1,1,0,0,1,0,1,intelligence
0,0,0,0,0,0,0,1,0,1,intelligent
0,0,0,0,0,0,0,1,0,0,intend
0,1,0,0,0,0,0,0,0,1,intended
0,0,0,0,0,0,0,0,0,1,interest
0,0,1,0,0,1,0,0,0,1,interested
0,0,0,0,0,0,0,0,0,1,interesting
0,0,0,0,0,0,0,0,1,0,interference
0,0,1,0,0,0,0,1,0,1,interior
1,0,0,0,0,0,1,0,1,0,interrupt
0,0,0,0,0,1,0,0,1,0,interrupted
0,0,0,1,0,0,0,0,0,0,interviewer
0,0,0,1,0,0,0,0,1,0,intimidate
0,0,1,0,0,0,0,0,1,0,intoxicated
1,0,0,1,0,1,1,0,1,0,invade
1,0,0,0,0,0,0,0,1,0,invasion
0,0,0,0,0,0,0,0,0,1,investigate
0,1,0,0,0,0,0,0,0,0,investigation
1,0,0,0,0,0,0,0,0,0,involvement
0,0,1,1,0,0,0,0,1,0,irrational
0,0,0,0,0,0,0,0,1,0,irresponsible
1,0,0,0,0,0,0,0,1,0,irritable
1,0,1,0,0,0,0,0,1,0,irritating
1,0,1,0,0,1,0,0,1,0,irritation
0,0,0,1,0,1,0,0,1,0,isolated
0,0,0,0,0,1,0,0,1,0,isolation
0,1,0,0,1,0,1,0,0,1,jackpot
0,0,0,1,0,0,0,0,0,0,jaws
1,0,1,0,0,0,0,0,1,0,jealous
1,0,1,1,0,1,0,0,1,0,jealousy
1,0,0,0,0,0,1,0,0,0,jerk
0,0,0,0,0,0,0,0,0,1,job
0,0,0,0,0,0,0,0,0,1,join
0,0,0,0,0,0,0,0,0,1,joined
0,0,0,0,0,0,0,0,1,0,joke
0,0,0,0,1,0,1,0,0,1,joker
0,0,0,0,0,0,0,0,0,1,joking
0,1,0,1,1,0,0,0,0,1,journey
0,0,0,0,1,0,0,0,0,1,joy
0,0,0,0,1,0,0,1,0,1,joyful
0,0,0,0,1,0,0,0,0,1,joyous
0,0,0,0,1,0,0,0,0,1,jump
0,0,0,0,0,0,0,1,0,1,justice
0,0,0,0,0,0,0,0,0,1,justification
1,0,0,0,0,0,0,0,1,0,kick
1,0,0,0,0,0,0,0,0,0,kicking
0,0,0,1,0,1,0,0,1,0,kill
1,0,0,1,0,1,0,0,1,0,killing
0,0,0,0,1,0,0,1,0,1,kind
0,0,0,0,0,0,0,0,0,1,kindness
0,0,0,0,0,0,0,0,0,1,king
0,1,0,0,1,0,1,0,0,1,kiss
0,0,0,0,0,0,0,0,0,1,knight
0,0,0,0,0,0,0,0,0,1,knowing
0,0,0,0,0,0,0,0,0,1,knowledge
0,1,0,0,1,0,1,1,0,1,labor
0,0,0,0,0,0,0,0,1,0,lack
0,0,0,0,0,0,0,0,1,0,lacking
0,0,0,0,0,0,0,0,0,1,land
0,0,1,0,0,0,1,1,0,0,larger
0,0,0,0,0,1,0,0,1,0,late
0,0,0,0,1,0,1,0,0,1,laugh
0,0,1,0,0,0,0,0,1,0,laughable
0,0,0,0,1,0,0,0,0,1,laughing
0,1,0,0,1,0,1,0,0,1,laughter
0,1,0,0,0,0,0,0,0,1,launch
0,0,0,0,0,0,0,1,0,0,law
1,0,1,1,0,1,1,0,1,0,lawsuit
1,0,1,1,0,0,0,0,1,0,lawyer
0,0,0,0,0,0,0,0,1,0,lazy
0,0,0,0,0,0,0,0,0,1,lead
0,0,0,0,0,0,0,1,0,1,leader
0,0,0,0,0,0,0,1,0,0,leading
0,0,0,0,0,0,0,0,0,1,league
0,0,0,0,0,0,0,0,0,1,learn
0,0,0,0,0,0,0,0,0,1,learning
0,0,0,0,0,1,1,0,1,0,leave
0,0,0,0,0,0,0,0,0,1,lecturer
0,0,0,0,0,0,0,1,0,1,legal
0,0,1,0,0,1,0,0,1,0,lesbian
0,1,0,0,0,0,0,1,0,1,lesson
0,0,1,1,0,1,0,0,1,0,lethal
0,1,0,0,0,0,0,0,0,0,letter
0,0,0,0,0,0,0,1,0,1,level
0,0,1,0,0,0,0,0,1,0,liar
0,1,0,0,1,0,1,1,0,1,liberty
0,0,0,0,0,0,0,0,0,1,library
0,0,1,0,0,0,0,0,1,0,lick
0,0,0,0,1,0,0,1,0,1,liking
1,0,0,0,0,1,0,0,1,0,limited
0,0,0,0,0,0,0,0,1,0,limp
1,0,0,0,1,1,0,0,1,0,liquor
0,0,0,0,0,0,0,0,0,1,logical
0,0,0,0,0,1,0,0,0,0,lone
0,0,0,1,0,1,0,0,1,0,loneliness
1,0,1,1,0,1,0,0,1,0,lonely
0,0,0,0,0,1,0,0,1,0,lonesome
0,1,0,0,0,0,0,0,0,0,long
0,0,0,0,0,0,0,0,0,1,longevity
0,1,0,0,0,1,0,0,0,0,longing
0,0,1,0,0,0,0,1,1,1,lord
1,0,1,1,0,1,1,0,1,0,lose
1,0,0,0,0,1,0,0,1,0,losing
1,0,0,1,0,1,0,0,1,0,loss
0,0,0,0,0,1,0,0,1,0,lost
0,1,0,0,0,0,0,0,0,0,lottery
0,0,0,0,0,0,0,0,1,0,lounge
0,0,0,0,1,0,0,0,0,1,love
0,1,0,0,1,1,1,1,0,1,lovely
0,1,0,0,1,0,0,1,0,1,lover
0,0,0,0,1,0,0,1,0,1,loving
0,0,0,0,0,1,0,0,1,0,lower
0,0,0,0,0,0,0,0,1,0,lowering
0,0,0,0,0,1,0,0,1,0,lowest
0,0,0,0,0,1,0,0,1,0,lowly
0,0,0,1,1,0,1,1,0,1,loyal
0,0,0,0,0,0,0,1,0,1,loyalty
0,1,0,0,1,0,1,0,0,1,luck
0,0,0,0,1,0,1,0,0,1,lucky
0,0,0,0,0,0,0,0,1,0,ludicrous
0,0,0,0,0,0,0,0,1,0,lump
0,0,1,0,0,0,0,0,1,0,lumpy
0,0,0,0,0,0,1,0,0,0,lunge
0,1,0,0,0,0,0,0,1,0,lust
1,0,1,0,0,0,0,0,1,0,lying
1,0,1,1,0,1,0,0,1,0,lynch
1,0,1,1,0,1,0,0,1,0,mad
0,1,0,0,1,0,1,0,0,1,magical
0,1,0,0,1,0,1,1,0,1,magnificent
0,0,0,0,0,0,0,0,0,1,maiden
0,1,0,0,0,0,0,0,0,0,mail
0,0,0,0,0,0,0,0,0,1,main
0,0,0,0,0,0,0,0,0,1,major
0,0,0,0,1,0,0,1,0,1,majority
0,0,0,0,0,0,0,1,0,1,manage
0,0,0,0,0,0,0,1,0,1,management
1,0,0,1,0,0,0,0,1,0,maniac
1,0,0,1,0,0,0,0,1,0,manipulation
0,0,0,0,0,0,0,0,0,1,manly
0,0,0,0,0,0,0,0,0,1,manners
1,0,1,1,0,1,1,0,1,0,manslaughter
0,0,0,0,0,0,0,0,0,1,manufacturer
0,0,0,0,0,0,0,0,0,1,march
0,1,0,0,1,0,0,1,0,1,marriage
0,1,0,1,1,0,1,1,0,1,marry
1,0,1,1,0,1,0,0,1,0,massacre
0,0,0,0,0,0,0,0,0,1,master
0,0,0,0,0,0,0,1,0,1,mate
0,0,0,0,0,0,0,1,0,0,mathematical
0,0,0,0,0,1,0,0,1,0,meaningless
0,1,0,0,1,0,1,1,0,1,medal
0,1,0,1,0,0,0,1,0,1,medical
0,0,0,0,0,0,0,0,1,0,mediocre
0,0,0,0,0,0,0,0,1,0,mediocrity
0,1,0,0,1,0,0,1,0,1,meditate
0,0,0,0,0,1,0,0,0,0,meek
0,0,0,0,0,1,0,0,1,0,melancholy
0,0,0,0,1,0,1,1,0,1,memorable
0,0,0,0,0,0,0,1,0,1,mentor
0,0,0,0,0,0,0,1,0,0,merchant
0,0,0,0,0,0,0,0,0,1,merciful
0,0,0,0,0,0,0,0,0,1,mercy
0,0,0,0,0,0,0,1,0,1,merit
0,0,0,0,1,0,0,0,0,1,merry
0,0,1,0,0,0,0,0,1,0,mess
0,0,1,0,0,0,0,0,1,0,messy
1,0,0,1,1,0,0,1,0,1,mighty
0,0,0,1,0,0,0,0,0,0,military
0,0,0,0,1,0,0,1,0,1,ministry
0,0,0,1,0,1,0,0,1,0,miscarriage
1,0,1,0,0,1,0,0,1,0,miserable
0,0,0,0,0,1,0,0,1,0,miserably
1,0,1,1,0,1,0,0,1,0,misery
1,0,1,0,0,0,0,0,1,0,misleading
0,0,0,1,0,1,0,0,1,0,missing
0,0,0,0,0,0,0,0,0,1,missionary
0,0,0,0,0,1,0,0,1,0,mistake
0,0,0,1,0,0,0,0,1,0,mistaken
1,0,1,0,0,0,0,0,1,0,mistress
1,0,0,0,0,1,0,0,1,0,misunderstanding
1,0,0,1,0,0,0,0,1,0,mob
0,0,1,0,0,0,0,0,1,0,mockery
1,0,1,0,0,1,0,0,1,0,mocking
0,1,0,0,0,0,0,0,0,1,momentum
1,1,0,0,1,0,1,1,0,1,money
0,0,0,0,0,0,0,1,0,1,monk
1,0,0,0,0,1,0,0,1,0,moody
1,0,0,0,0,0,0,1,0,1,moral
0,0,0,0,0,0,0,1,0,1,morality
1,1,1,0,1,0,1,1,0,1,morals
0,0,1,1,0,1,0,0,1,0,morgue
0,0,0,0,0,0,0,0,1,0,moron
0,0,0,0,0,0,0,0,1,0,moronic
0,0,0,0,0,0,0,0,1,0,mortal
1,0,0,1,0,1,0,0,1,0,mortality
0,0,0,1,0,0,0,0,0,0,mortgage
1,0,0,0,0,0,0,0,0,0,mosque
0,1,0,0,1,1,0,1,1,1,mother
0,1,0,0,0,0,0,0,0,0,motion
0,0,0,0,0,0,0,0,0,1,motive
0,0,0,0,0,1,0,0,1,0,mourn
0,0,0,0,0,1,0,0,1,0,mourning
0,0,0,0,0,0,1,0,0,0,mouth
0,0,1,0,0,0,0,0,0,0,mouthful
0,0,0,0,0,0,0,0,0,1,mover
1,0,1,0,0,0,0,0,1,0,muff
0,0,0,1,0,0,0,0,1,0,mum
1,0,1,1,0,1,1,0,1,0,murder
1,0,1,1,0,1,0,0,1,0,murderer
1,0,1,1,0,1,1,0,1,0,murderous
0,0,0,0,0,0,0,0,0,1,muscular
0,0,0,0,1,1,0,0,0,1,music
1,1,0,0,1,1,1,1,0,1,musical
0,1,0,1,0,0,1,0,0,0,mysterious
0,1,0,0,0,0,1,0,0,0,mystery
1,0,0,0,0,0,0,0,1,0,nag
0,0,0,0,1,0,0,0,0,1,nap
0,0,1,0,0,0,0,0,1,0,nappy
1,0,1,1,0,1,0,0,1,0,nasty
0,0,0,0,0,0,0,1,0,0,nation
0,0,0,0,0,0,0,0,1,0,naughty
0,0,1,0,0,0,0,0,1,0,nausea
0,0,1,0,0,1,0,0,1,0,nauseous
0,0,0,0,0,0,0,0,0,1,neatly
0,0,0,0,0,0,0,0,1,0,needy
0,0,0,0,0,1,0,0,1,0,negative
0,0,0,0,0,0,0,0,1,0,neglect
1,0,1,0,0,1,0,0,1,0,neglected
0,0,0,0,0,0,0,0,1,0,neglecting
0,0,0,0,0,0,0,1,0,1,negotiate
0,0,0,0,0,0,0,0,0,1,negotiator
0,1,0,0,0,0,0,1,0,1,neighbor
0,1,0,0,0,0,0,0,0,0,neighborhood
0,0,0,0,0,0,0,0,0,1,nerve
0,1,0,1,0,0,0,0,1,0,nervous
0,0,0,0,0,0,0,0,1,0,nigger
0,0,0,1,0,0,0,0,1,0,nightmare
0,0,0,0,0,0,0,0,1,0,noise
1,0,0,0,0,0,0,0,1,0,noisy
0,0,0,0,0,0,0,0,0,1,nomination
0,0,1,0,0,0,0,0,0,0,nose
0,0,0,0,0,0,0,0,1,0,numb
0,0,0,0,0,0,0,0,0,1,numbers
0,0,0,0,0,0,0,1,1,0,nun
0,0,0,0,0,0,0,1,0,1,nurse
0,0,0,0,1,0,0,1,0,1,nursery
1,1,1,1,1,0,0,1,0,1,nurture
0,0,1,0,0,0,0,0,1,0,obese
0,0,1,0,0,1,0,0,1,0,obesity
0,0,0,1,0,0,0,1,0,0,obey
0,0,0,0,0,1,0,0,1,0,obituary
1,0,1,0,0,1,0,0,1,0,obnoxious
1,0,0,1,0,1,0,0,1,0,obstacle
0,0,0,0,0,0,0,1,0,1,obvious
0,0,0,0,0,0,1,0,0,0,occasional
0,0,0,0,0,0,0,0,0,1,occupation
1,0,1,0,0,0,0,0,1,0,offend
1,0,0,0,0,1,0,0,1,0,offended
1,0,1,1,0,1,0,0,1,0,offender
1,0,1,1,0,1,0,0,1,0,offense
1,0,1,0,0,0,0,0,1,0,offensive
0,0,0,0,0,0,0,0,0,1,offer
0,0,0,0,0,0,0,1,0,0,offering
0,0,0,0,0,0,0,1,0,1,officer
0,0,0,0,0,1,0,0,0,0,older
0,0,0,0,0,0,0,0,0,1,openness
1,1,0,1,1,1,1,1,0,1,opera
0,0,0,1,0,0,0,1,0,0,operation
0,1,0,0,0,0,0,0,0,1,opportunity
0,0,0,0,0,0,0,0,1,0,oppose
1,0,0,1,0,0,0,0,1,0,opposed
1,0,0,0,0,0,0,0,1,0,opposition
0,1,0,0,1,0,1,1,0,1,optimism
0,0,0,0,0,0,0,1,0,1,optimist
0,0,0,0,0,0,0,0,0,1,option
0,0,0,0,0,0,0,0,0,1,optional
1,0,0,0,1,1,0,1,0,1,orchestra
0,1,0,0,1,0,0,0,0,0,organ
0,1,0,0,1,0,1,1,0,1,organization
0,0,0,0,0,0,0,0,0,1,organize
0,0,0,0,0,0,0,0,0,1,organized
0,1,0,0,1,0,0,0,0,1,orgasm
0,0,0,0,0,0,0,0,0,1,outcome
1,0,1,0,0,0,0,0,1,0,outrage
0,0,0,0,0,0,1,0,0,0,outrageous
0,0,0,1,0,0,0,0,0,0,outsider
0,0,0,0,1,0,0,0,1,1,outstanding
0,0,0,0,0,0,0,0,0,1,outward
0,0,0,0,0,0,0,0,1,0,overflow
0,0,0,0,0,0,0,0,1,0,overpaid
0,0,0,0,0,1,0,0,1,0,overwhelmed
0,0,0,0,0,0,0,0,0,1,overwhelming
1,1,1,1,0,1,0,1,1,0,owing
0,0,0,0,0,0,0,0,0,1,ownership
0,0,0,1,0,1,0,0,1,0,pain
1,0,1,1,0,1,0,0,1,0,painful
0,0,0,0,0,1,0,0,1,0,painfully
0,0,0,0,0,0,0,0,1,0,pains
0,0,0,1,0,0,0,0,1,0,panic
1,1,0,1,0,1,0,0,1,0,paralysis
0,0,0,1,0,0,0,0,1,0,paranoia
0,0,0,0,0,0,0,0,0,1,participation
0,0,0,0,0,0,0,0,0,1,partner
0,0,0,0,0,0,0,1,0,1,partnership
0,1,0,0,1,0,0,1,0,1,passion
0,1,0,0,1,0,0,1,0,1,passionate
0,0,0,0,0,0,0,0,1,0,passive
0,0,0,0,1,0,0,1,0,1,pastor
0,0,1,0,0,1,0,0,1,0,pathetic
0,1,0,0,1,0,0,1,0,1,pay
1,0,0,0,0,0,0,0,1,0,payback
0,0,0,0,0,0,0,0,1,0,payment
0,1,0,0,1,0,0,1,0,1,peace
0,1,0,0,1,0,1,1,0,1,peaceful
0,0,0,0,0,0,0,1,0,1,perceive
0,1,0,0,1,0,0,1,0,1,perfect
0,1,0,0,1,0,1,1,0,1,perfection
0,0,0,0,0,0,0,0,0,1,performer
0,0,0,0,0,0,0,0,0,1,permission
0,0,0,0,0,0,0,0,0,1,persistence
0,0,0,0,0,0,0,0,0,1,persistent
0,0,0,0,0,0,0,1,0,0,personal
0,0,0,0,0,0,0,1,0,0,persuade
1,0,1,1,0,0,0,0,1,0,perverse
1,0,1,0,0,0,0,0,1,0,pervert
0,0,1,0,0,0,0,0,1,0,perverted
0,0,0,1,0,1,0,0,1,0,pessimist
1,0,1,1,0,0,0,0,1,0,pest
0,0,0,0,0,0,0,0,1,0,pet
0,0,0,0,0,0,0,0,1,0,petty
0,0,0,0,0,0,0,0,0,1,pharmaceutical
0,0,0,0,0,0,0,1,0,1,physician
0,0,0,0,0,0,0,0,0,1,physics
0,0,0,0,0,0,0,0,0,1,pick
0,0,0,0,1,0,0,0,0,1,picturesque
0,0,0,0,0,0,0,1,0,1,pill
0,0,0,0,0,0,0,0,0,1,pillow
0,0,0,0,0,0,0,1,0,1,pilot
0,0,0,0,0,0,0,0,1,0,pimp
0,0,0,0,0,1,0,0,0,0,pity
0,0,1,1,0,1,0,0,1,0,plague
0,1,0,0,0,0,0,0,0,0,plan
0,1,0,0,0,0,0,1,0,1,planning
1,0,0,0,1,0,1,1,0,1,playful
0,1,0,0,1,0,1,1,0,1,pleasant
0,0,0,0,1,0,0,0,0,1,pleased
0,0,0,0,1,0,0,0,0,1,pleasurable
0,0,0,0,1,0,0,1,0,1,pledge
0,0,0,0,0,1,0,0,1,0,pointless
1,0,1,1,0,1,0,0,1,0,poison
1,0,1,1,0,1,0,0,1,0,poisoned
0,0,1,0,0,0,0,0,1,0,poisoning
1,0,1,1,0,1,0,0,1,0,poisonous
0,0,0,1,0,0,0,1,0,1,police
0,0,0,1,0,0,0,1,0,1,policeman
0,0,0,0,0,0,0,1,0,0,policy
0,0,0,0,0,0,0,0,0,1,polite
1,0,0,0,0,0,0,0,0,0,politics
0,0,0,0,0,0,0,0,0,1,pool
0,0,0,0,0,0,0,0,1,0,poorly
0,0,0,0,0,0,0,0,0,1,pope
0,0,0,0,0,0,0,0,0,1,popularity
0,0,1,0,0,0,0,0,1,0,porn
0,0,0,0,0,0,0,0,1,0,porno
0,0,0,0,0,0,0,0,1,0,pornographic
0,0,1,0,0,0,0,0,1,0,pornography
0,0,0,1,0,0,0,0,0,0,posse
0,1,0,0,0,0,0,0,0,0,possibility
1,0,1,1,0,1,0,0,1,0,poverty
1,1,1,1,1,0,0,1,0,1,powerful
1,0,1,1,0,1,0,0,1,0,powerless
0,0,0,0,0,0,0,0,0,1,practice
0,0,0,0,1,0,1,1,0,1,practiced
0,0,0,0,1,0,0,1,0,1,praise
0,0,0,0,1,0,0,0,0,1,praised
0,1,0,1,1,0,1,1,0,1,pray
0,1,0,0,1,0,1,0,0,1,precious
0,0,0,0,0,0,0,0,0,1,precise
0,0,0,0,0,0,0,0,0,1,precision
0,1,0,0,0,0,0,0,0,0,predict
0,1,0,0,0,0,0,0,0,0,prediction
0,0,0,0,0,0,0,1,0,1,prefer
0,0,1,0,0,0,0,0,1,0,pregnancy
1,0,0,0,0,0,0,0,1,0,prejudice
0,0,0,0,0,0,0,0,0,1,premier
0,1,0,0,0,0,0,0,0,0,preparation
0,1,0,0,0,0,0,0,0,1,prepare
0,1,0,0,0,0,0,1,0,1,prepared
0,1,0,0,1,0,1,1,0,1,present
0,0,0,0,0,0,0,1,0,1,president
0,0,0,0,0,0,0,0,1,0,pressure
0,0,0,0,1,0,0,1,0,1,prestige
0,0,0,0,0,0,0,0,1,0,pretend
0,0,0,0,0,0,0,0,1,0,pretended
1,0,0,0,0,0,0,0,1,0,pretending
0,1,0,0,1,0,0,1,0,1,pretty
0,0,0,1,0,0,0,0,0,0,prevent
0,1,0,0,0,0,0,0,0,1,prevention
0,0,0,1,0,0,0,0,1,0,prey
0,0,0,0,0,0,0,0,0,1,priceless
1,0,1,1,0,0,1,0,1,0,prick
0,0,0,0,0,0,0,0,1,0,prickly
0,0,0,0,1,0,0,0,0,1,pride
0,0,0,0,0,0,0,1,0,1,priest
0,0,0,0,0,0,0,0,0,1,prince
0,0,0,0,0,0,0,0,0,1,princess
0,0,0,0,0,0,0,1,0,1,principal
1,0,0,1,0,1,0,0,1,0,prison
1,0,1,1,0,1,0,0,1,0,prisoner
0,0,0,0,1,0,0,1,0,1,privileged
0,1,0,1,0,1,0,0,0,0,probation
0,0,0,1,0,1,0,0,1,0,problem
0,0,0,0,0,0,0,0,1,0,procrastinate
0,0,0,0,0,0,0,0,1,0,procrastination
0,0,0,0,0,0,0,0,0,1,producer
0,0,0,0,0,0,0,0,0,1,producing
0,1,0,0,0,0,0,0,0,1,production
0,0,0,0,0,0,0,0,0,1,productive
0,0,0,0,0,0,0,0,0,1,productivity
0,0,0,0,0,0,0,0,0,1,profession
0,0,0,0,0,0,0,1,0,1,professional
0,0,0,0,0,0,0,1,0,1,professor
0,1,0,0,1,0,0,0,0,1,progress
0,0,0,0,1,0,0,1,0,1,promise
0,0,0,0,0,0,0,0,0,1,promising
0,0,0,0,0,0,0,0,0,1,promotion
0,0,0,0,0,0,0,1,0,0,proof
0,1,0,0,0,0,0,0,0,0,prophecy
0,1,0,0,0,0,0,1,0,1,prophet
0,1,0,0,0,0,0,0,0,0,prophetic
0,0,0,0,0,0,0,0,0,1,prospect
0,0,1,0,0,0,0,0,1,0,prostitute
0,0,1,0,0,1,0,0,1,0,prostitution
0,0,0,0,0,0,0,0,0,1,protect
0,0,0,0,0,0,0,1,0,0,protected
0,0,0,0,0,0,0,1,0,1,protecting
0,0,0,0,0,0,0,0,0,1,protective
0,0,0,0,0,0,0,1,0,1,protector
0,0,0,1,0,0,0,0,0,0,protestant
0,1,0,0,1,0,0,1,0,1,proud
0,0,0,0,0,0,0,0,0,1,prove
0,0,0,0,0,0,0,1,0,0,proven
0,0,0,0,0,0,0,1,0,1,provide
0,1,0,0,1,0,0,1,0,1,providing
1,0,1,0,0,0,0,0,1,0,provoking
0,0,0,0,0,0,0,0,0,1,psalm
0,1,0,0,0,0,0,0,0,1,public
0,0,1,0,0,0,0,0,0,0,puke
0,0,0,0,0,0,0,0,0,1,pull
0,0,0,1,0,0,0,0,1,0,punish
1,1,1,1,0,1,0,0,1,0,punished
1,0,0,1,0,1,0,0,1,0,punishing
1,0,1,1,0,0,0,0,1,0,punishment
0,0,0,0,0,0,0,1,0,1,purely
0,0,1,1,0,0,0,0,1,0,purgatory
0,0,0,0,0,0,0,1,0,1,qualified
0,0,0,0,0,0,0,0,0,1,question
0,0,1,0,0,0,0,0,1,0,questionable
0,0,0,0,0,1,0,0,0,1,quiet
0,0,0,0,0,0,0,0,1,0,quit
0,0,0,0,0,0,0,0,1,0,quiz
0,0,0,0,1,0,0,0,0,1,radiant
0,0,0,0,0,0,0,0,0,1,radio
0,0,0,0,0,0,0,0,0,1,radio1
0,0,0,0,0,0,0,0,0,1,radio2
0,0,0,0,0,0,0,0,0,1,radio2xs
0,0,0,0,0,0,0,0,0,1,radio4
0,0,0,1,0,0,0,0,1,0,radioactive
1,0,0,0,0,0,0,0,1,0,rage
1,0,1,1,0,0,0,0,1,0,raging
0,0,1,0,0,0,0,0,1,0,rancid
0,0,0,0,0,0,1,0,0,0,randomly
1,0,1,1,0,1,0,0,1,0,rape
0,0,0,0,0,0,1,0,0,0,rapid
0,0,1,0,0,0,0,0,1,0,rash
0,0,0,0,0,0,0,1,0,1,rational
1,0,0,1,0,0,0,0,0,0,react
0,1,0,0,1,0,0,1,0,1,readiness
0,0,0,0,0,0,0,0,0,1,reading
0,1,0,0,0,0,0,0,0,0,ready
0,0,0,0,0,0,0,1,0,1,real
0,0,0,0,0,0,0,0,0,1,reason
0,0,0,0,0,0,0,1,0,1,reassurance
0,0,0,0,0,0,0,1,0,1,reassure
0,0,0,0,0,0,0,0,0,1,rebate
1,0,0,1,0,0,0,0,1,0,rebel
1,0,1,1,0,0,0,0,0,0,rebellion
0,0,0,0,0,0,0,0,0,1,received
0,1,0,0,1,0,1,0,0,1,receiving
1,0,1,1,0,1,0,0,1,0,recession
0,0,0,0,0,0,0,1,0,1,recommend
0,0,0,0,0,0,0,0,0,1,recovery
0,1,0,0,1,0,0,0,0,1,recreation
0,1,0,0,1,0,0,0,0,1,recreational
0,0,0,0,0,0,0,1,0,0,recruits
0,0,0,0,0,0,0,1,0,0,referee
0,0,0,0,0,0,0,0,1,0,refusal
0,0,0,0,0,0,0,0,1,0,refuse
0,0,0,0,0,1,0,0,1,0,refused
0,0,0,0,0,1,0,0,1,0,regret
0,0,0,0,0,1,0,0,1,0,regretted
0,0,0,0,0,1,0,0,1,0,regretting
0,0,0,0,0,0,0,0,0,1,regulate
0,0,0,1,0,0,0,0,1,0,regulatory
0,1,0,0,0,0,0,0,0,1,rehabilitation
1,0,0,1,0,1,0,0,1,0,reject
0,0,0,0,0,0,0,0,1,0,rejected
1,0,1,1,0,1,0,0,1,0,rejection
1,0,0,1,0,1,0,0,1,0,rejects
0,1,0,0,1,0,1,1,0,1,rejoice
0,0,0,0,0,0,0,1,0,0,related
0,0,0,0,0,0,0,0,0,1,relaxation
0,0,0,0,0,0,0,1,0,1,relevant
0,0,0,0,0,0,0,0,0,1,relief
0,0,0,0,0,0,0,1,0,0,religion
0,0,0,1,0,0,0,0,1,0,reluctant
0,0,0,0,1,0,1,1,0,1,remarkable
0,0,0,0,0,0,0,0,0,1,remarkably
0,0,0,0,0,1,0,0,1,0,remorse
0,0,0,0,0,0,0,0,1,0,removal
1,0,0,1,0,1,0,0,1,0,remove
0,1,0,0,1,0,0,0,0,1,renovation
0,0,0,0,0,0,0,1,0,1,reporter
1,0,0,0,0,0,0,0,1,0,resent
1,0,1,0,0,1,0,0,1,0,resentment
0,0,0,0,0,0,0,0,0,1,resident
1,0,1,1,0,1,0,0,1,0,resign
0,0,0,0,0,1,1,0,1,0,resignation
0,0,0,0,0,1,0,0,1,0,resigned
0,0,0,0,0,0,0,0,1,0,resist
1,0,0,0,0,0,0,0,1,0,resistance
1,0,0,1,0,1,0,0,1,0,resisting
0,0,0,0,1,0,0,1,0,1,resources
0,1,0,0,1,0,0,1,0,1,respect
0,0,0,0,0,0,0,1,0,1,respectful
0,0,0,0,0,0,0,0,0,1,respecting
0,0,0,0,0,0,0,1,0,1,respects
0,0,0,0,0,0,0,1,0,1,responsible
0,0,0,0,0,0,0,0,0,1,rest
1,0,0,1,0,0,0,0,1,0,restrain
0,0,0,1,0,0,0,0,0,0,restrained
0,0,0,0,0,0,0,0,0,1,restraint
0,0,0,0,0,1,0,0,1,0,restrict
1,0,0,1,0,1,0,0,1,0,restriction
0,1,0,0,0,0,0,0,0,0,result
0,0,0,0,0,0,0,1,0,0,retain
0,0,1,1,0,1,0,0,1,0,retard
0,1,0,1,1,1,0,1,1,1,retirement
0,1,0,0,0,0,0,1,0,1,reunion
1,1,0,1,0,0,1,0,1,0,revenge
0,0,0,0,0,0,0,0,0,1,revise
1,1,0,1,0,1,1,0,1,1,revolution
0,0,0,0,0,0,0,0,0,1,revolutionary
0,1,0,0,1,0,1,1,0,1,reward
0,0,0,0,0,0,0,0,0,1,rhythm
1,0,1,0,0,1,0,0,1,0,ridicule
1,0,1,0,0,0,0,0,1,0,ridiculous
0,0,0,0,0,0,0,0,1,0,rigid
0,1,0,0,1,0,0,0,0,1,rising
0,1,0,1,0,0,0,0,1,0,risk
0,1,0,1,0,0,0,0,1,0,risky
0,0,0,0,0,0,0,0,0,1,rock
0,1,0,1,1,1,1,1,0,1,romance
0,1,0,0,1,0,0,1,0,1,romantic
0,0,0,0,0,0,0,1,0,1,rooted
0,0,0,0,0,0,0,0,0,1,royalty
0,0,0,1,0,1,0,0,1,0,ruin
1,0,1,1,0,1,0,0,1,0,ruined
0,0,0,1,0,0,0,1,0,0,rule
0,0,0,0,0,1,0,0,1,0,rumor
0,0,1,1,0,1,0,0,1,0,sacrifices
0,0,0,0,0,1,0,0,1,0,sadly
0,0,0,0,0,1,0,1,1,0,sadness
0,0,0,0,1,0,0,1,0,1,safe
0,0,0,0,0,0,0,1,0,1,safeguard
0,1,0,0,1,0,1,1,0,1,saint
0,1,0,0,1,0,0,1,0,1,salary
0,1,0,0,0,0,0,0,0,0,saliva
0,1,0,0,1,0,0,1,0,1,salvation
1,0,1,0,0,1,0,0,1,0,sarcasm
1,0,0,0,0,0,0,0,1,0,satanic
0,0,0,0,1,0,0,0,0,1,satisfied
1,0,0,1,0,0,0,0,1,0,savage
0,0,0,0,1,0,0,1,0,1,save
0,0,0,0,0,0,0,0,0,1,savings
0,0,0,0,0,0,0,0,1,0,scab
1,1,0,1,0,0,1,0,1,0,scare
0,0,0,1,0,0,0,0,1,1,scarecrow
0,0,0,0,0,0,0,1,0,0,sceptical
1,0,1,1,0,1,0,0,1,0,schizophrenia
0,0,0,0,0,0,0,0,0,1,scholar
0,0,0,0,1,0,0,0,0,1,scholarship
0,0,0,0,0,0,0,1,0,0,school
0,0,0,0,0,0,0,1,0,1,scientific
0,1,0,0,0,0,0,1,0,1,scientist
0,1,0,0,1,0,1,0,0,1,score
1,0,1,1,0,0,1,0,1,0,scream
1,0,1,1,0,0,0,0,1,0,screaming
1,0,0,0,0,0,0,0,1,0,screwed
0,0,0,0,0,0,0,1,0,0,scripture
0,0,0,0,0,0,0,0,0,1,scrumptious
0,0,0,0,0,0,0,0,0,1,sculpture
0,0,1,0,0,0,0,0,1,0,scum
0,0,0,0,0,0,0,0,0,1,seasoned
0,0,0,0,0,0,0,1,0,0,secret
0,0,0,0,0,0,0,0,1,0,secretive
1,0,0,1,0,0,0,0,1,0,sectarian
0,0,0,0,0,0,0,0,1,0,seduce
0,0,0,0,0,0,0,0,1,0,seduction
0,1,0,0,0,0,0,0,0,0,seductive
0,0,0,1,0,0,0,0,1,0,seize
0,0,0,1,0,0,0,0,0,0,seizure
1,0,1,0,0,0,0,0,1,0,selfish
0,0,0,0,0,0,0,0,1,0,selfishness
0,0,0,0,0,0,0,0,0,1,sense
0,0,0,0,0,0,0,0,0,1,sentimental
0,0,0,0,0,0,0,1,0,0,series
0,0,0,1,0,1,0,0,0,0,seriousness
0,0,0,0,0,0,0,1,1,0,servant
0,1,0,0,1,0,0,1,0,1,sex
0,0,0,1,0,0,0,0,1,0,shaking
1,1,0,1,0,0,0,0,1,0,shaky
0,0,1,1,0,1,0,0,1,0,shame
0,0,0,0,0,1,0,0,1,0,shameful
0,0,1,0,0,0,0,0,1,0,shameless
0,0,0,0,0,0,0,0,0,1,shape
0,1,0,0,1,0,0,1,0,1,share
1,1,0,0,0,0,0,0,0,0,sharpen
0,0,0,0,0,0,0,0,0,1,shine
0,1,0,0,1,0,0,0,0,1,shining
1,0,1,0,0,0,0,0,1,0,shit
1,0,0,1,0,0,1,0,1,0,shock
0,0,0,0,0,0,1,0,0,0,shockingly
0,1,0,0,1,0,1,1,0,1,shopping
1,0,0,1,0,1,0,0,1,0,shortage
0,1,0,0,0,0,0,0,0,0,shortly
0,0,0,0,0,0,0,1,0,1,shoulder
1,0,0,0,0,0,1,0,0,0,shout
1,0,0,0,0,0,0,0,1,0,shove
0,0,0,0,0,0,0,1,0,0,show
0,0,1,0,0,1,0,0,1,0,sick
1,0,1,1,0,1,0,0,1,0,sickening
0,0,1,0,0,1,0,0,1,0,sickly
0,0,1,1,0,1,0,0,1,0,sickness
0,0,0,0,0,0,0,0,0,1,silk
0,0,0,0,1,0,0,0,1,0,silly
1,0,1,1,0,1,0,0,1,0,sin
0,0,0,0,0,0,0,1,0,1,sincere
0,0,0,0,0,0,0,0,0,1,sincerity
0,1,0,0,1,1,0,1,0,1,sing
1,0,1,1,0,0,0,0,1,0,sinister
1,0,1,1,0,1,0,0,1,0,sinner
0,0,0,0,0,0,0,1,0,1,sir
0,0,0,0,0,0,0,0,1,0,sissy
0,0,0,0,0,0,0,0,1,0,skeptical
0,0,0,0,0,0,0,0,0,1,skilled
0,0,0,0,0,0,0,0,0,1,sky
0,0,0,0,0,0,0,0,0,1,sky1
1,0,1,1,0,1,1,0,1,0,slaughter
1,0,1,1,0,1,0,0,1,0,slaughterhouse
1,0,1,1,0,1,1,0,1,0,slaughtering
1,0,0,1,0,1,0,0,1,0,slave
1,0,1,1,0,1,0,0,1,0,slavery
1,0,0,0,0,0,0,0,1,0,slay
1,0,1,1,0,1,1,0,1,0,slayer
0,0,0,0,0,0,0,0,0,1,slender
0,0,0,0,0,0,1,0,1,0,slip
1,0,1,0,0,0,0,0,1,0,slut
0,0,0,0,0,0,0,0,1,0,small
1,0,1,0,0,0,0,0,1,0,smell
0,0,1,0,0,0,0,0,1,0,smelling
0,0,0,0,1,0,1,1,0,1,smile
0,0,0,0,1,0,0,0,0,1,smiling
0,0,0,0,0,0,0,0,1,0,smoker
1,0,0,0,0,0,0,0,1,0,smother
0,0,0,0,0,0,0,0,1,0,smug
0,0,0,1,0,0,0,0,1,0,smuggle
0,0,0,0,0,0,0,0,1,0,smuggling
0,0,1,1,0,0,0,0,1,0,smut
0,0,0,0,0,0,0,0,1,0,snob
0,0,0,0,0,1,0,0,0,0,snort
0,0,0,0,0,1,0,0,1,0,sob
0,0,0,0,0,0,0,0,0,1,sociable
0,0,1,1,0,0,0,0,0,0,socialism
1,0,1,1,0,1,0,0,1,0,socialist
1,0,0,0,0,1,0,0,0,1,soldier
0,0,0,0,0,0,0,0,0,1,solution
1,0,0,0,0,1,0,0,1,0,sore
0,0,0,0,0,1,0,0,1,0,sorely
0,0,0,1,0,1,0,0,1,0,sorrow
0,0,0,1,0,0,0,0,1,0,soulmate
0,0,0,0,0,0,0,0,0,1,soup
0,0,1,0,0,0,0,0,1,0,sour
0,1,0,0,1,0,1,1,0,1,spa
0,0,0,0,0,0,0,0,0,1,spacious
1,0,0,0,0,0,0,0,1,0,spat
0,0,0,0,1,0,0,0,0,1,special
0,0,0,0,0,0,0,0,0,1,speech
0,0,0,0,0,0,0,0,0,1,speedy
0,0,0,0,0,0,0,0,1,0,spent
0,0,0,0,0,0,0,0,0,1,spice
1,0,0,0,0,0,0,0,1,1,spine
0,0,0,0,0,0,0,0,0,1,spirit
0,1,0,0,1,0,1,0,0,1,spirits
0,0,1,0,0,0,0,0,0,0,spit
1,0,0,0,0,0,0,0,1,0,spite
1,0,0,0,0,0,0,0,1,0,spiteful
0,0,0,0,1,0,1,0,0,1,splendid
0,0,0,0,0,0,0,0,1,0,split
0,0,0,0,0,1,0,0,1,0,splitting
0,0,0,0,0,0,0,0,1,0,spoke
0,0,0,0,0,0,0,1,0,0,spokesman
0,0,0,0,1,0,0,1,0,1,spouse
0,0,0,0,0,0,0,0,1,0,stale
0,0,0,0,0,0,0,0,1,0,staring
0,1,0,0,0,0,0,0,0,0,start
0,0,0,0,0,0,0,0,1,0,starved
0,0,0,0,0,0,0,0,1,0,starving
0,0,0,0,0,0,0,1,0,1,statement
0,0,0,0,0,0,0,0,0,1,status
1,0,0,1,0,1,0,0,1,0,steal
0,0,1,1,0,0,0,0,1,0,stealing
0,0,0,0,0,0,1,0,0,0,stealth
0,0,0,0,0,0,0,0,1,0,stiff
0,0,1,0,0,0,0,0,1,0,stink
0,0,1,0,0,0,0,0,1,0,stinking
0,0,0,0,0,0,0,0,1,0,stocks
0,0,1,0,0,0,0,0,0,0,stomach
0,0,0,0,0,0,0,0,1,0,stoned
0,1,0,0,0,0,0,0,0,1,store
1,0,0,0,0,0,0,0,1,0,strained
0,0,0,0,0,0,0,0,0,1,strategic
0,0,0,0,0,0,0,1,0,1,strength
0,0,0,0,0,0,0,0,0,1,strengthen
0,0,0,0,1,0,0,1,0,1,strengthening
0,0,0,0,0,0,0,0,1,0,stress
0,0,0,1,0,1,0,0,0,0,stretcher
0,0,0,0,0,1,0,0,1,0,strip
0,1,0,0,0,0,0,0,0,0,strive
0,0,0,1,0,1,0,0,1,0,stroke
0,0,0,0,0,0,0,0,0,1,strongly
1,0,0,1,0,1,0,0,1,0,struggle
0,0,0,0,0,0,0,0,0,1,stud
0,0,0,0,0,0,0,0,0,1,study
0,0,0,0,0,0,0,0,1,0,stumble
0,0,0,1,0,0,1,0,1,0,stunned
0,0,0,0,0,0,0,0,1,0,stupid
0,0,0,0,0,0,0,0,1,0,stupidity
0,1,0,0,0,0,0,0,0,0,submit
0,1,0,0,1,0,1,1,0,1,succeed
0,1,0,0,1,0,0,1,0,1,succeeding
0,1,0,0,1,0,0,0,0,1,success
0,1,0,0,1,0,0,1,0,1,successful
0,0,0,0,0,0,0,0,1,0,suck
1,0,0,0,0,0,0,0,1,0,sucker
0,0,0,0,0,0,1,0,0,0,sudden
0,0,0,0,0,0,1,0,0,0,suddenly
0,0,0,0,0,0,0,0,1,0,suffer
0,0,0,1,0,1,0,0,1,0,sufferer
0,0,1,1,0,1,0,0,1,0,suffering
0,0,0,0,0,0,0,0,0,1,sugar
0,0,0,0,0,0,0,1,0,0,suggest
1,0,1,1,0,1,0,0,1,0,suicidal
1,0,0,1,0,1,0,0,1,0,suicide
0,1,0,0,1,0,1,1,0,1,sun
0,0,1,1,0,1,0,0,1,0,sunk
0,1,0,0,1,0,1,0,0,1,sunny
0,1,0,0,0,0,0,0,0,1,sunset
0,0,0,0,1,0,0,0,0,1,sunshine
0,0,0,0,0,0,0,0,0,1,superb
0,0,0,0,0,0,0,0,0,1,superior
0,0,0,0,0,0,0,0,0,1,superiority
0,0,0,0,1,0,0,1,0,1,superstar
0,0,0,0,0,0,0,0,0,1,supported
0,0,0,0,1,0,0,1,0,1,supporter
0,0,0,0,0,0,0,1,0,1,supporting
1,0,0,1,0,1,0,0,1,0,suppress
1,1,0,1,1,0,1,1,1,1,supremacy
0,0,0,0,0,0,0,0,0,1,supreme
0,0,0,1,0,1,0,0,0,0,surgery
0,0,0,1,1,0,1,0,0,1,surprise
0,0,0,0,0,0,1,0,0,0,surprised
0,0,0,0,0,0,1,0,0,0,surprising
0,1,0,0,0,0,1,0,0,0,surprisingly
0,0,0,1,0,1,0,0,1,0,surrender
0,1,0,0,0,0,0,0,1,1,surround
0,0,0,0,0,0,0,0,0,1,survive
0,0,0,1,0,0,0,0,1,0,suspect
0,0,0,1,0,0,0,0,1,0,suspicion
1,1,0,0,0,0,0,0,1,0,suspicious
0,0,0,1,0,0,0,0,0,0,sweat
0,1,0,0,1,0,1,1,0,1,sweet
0,1,0,0,1,1,0,1,0,1,sweetheart
0,0,0,0,0,0,0,0,0,1,sweetie
0,0,0,0,0,0,0,0,0,1,sweetness
0,1,0,0,1,0,0,0,0,1,sweets
0,0,0,1,0,0,0,0,1,0,swelling
0,0,0,1,0,0,1,0,0,0,swerve
0,1,0,1,1,0,0,0,0,1,swim
0,0,0,0,0,0,0,0,1,0,swollen
0,0,0,1,1,1,0,1,0,1,sympathetic
0,0,0,0,0,1,0,0,0,1,sympathy
0,1,0,0,1,0,0,0,0,1,symphony
0,0,0,0,0,0,0,0,1,0,symptom
0,0,0,0,0,0,0,1,0,0,system
0,0,1,1,0,0,0,0,1,0,taboo
0,0,0,0,0,0,0,0,0,1,talent
0,0,0,0,0,0,0,0,0,1,talk
0,0,0,0,0,0,0,0,0,1,tasteful
0,0,1,0,0,0,0,0,1,0,tasteless
0,0,0,0,0,0,0,0,0,1,tasty
0,0,0,0,0,0,0,1,0,0,taught
0,0,0,0,0,1,0,0,1,0,tax
0,0,0,0,1,0,1,1,0,1,teach
0,0,0,0,0,0,0,1,0,1,teacher
0,0,0,0,0,0,0,1,0,0,team
1,1,0,0,0,1,0,0,1,0,tease
1,0,0,1,0,0,0,0,1,0,teasing
0,0,0,0,0,0,0,0,1,0,tedious
0,0,0,0,0,0,0,0,0,1,tenant
0,0,0,0,1,0,0,1,0,1,tender
1,0,0,0,0,0,0,0,0,0,tension
1,0,1,1,0,1,0,0,1,0,terrible
0,0,0,0,0,1,0,0,0,0,terribly
0,0,0,0,0,1,0,0,0,0,terrific
0,0,0,1,0,0,0,0,1,0,terror
1,0,1,1,0,1,0,0,1,0,terrorism
1,0,1,1,0,1,1,0,1,0,terrorist
0,1,0,0,0,0,0,1,0,0,testament
0,0,0,0,1,0,0,0,0,1,thankful
0,1,0,0,0,0,0,0,0,0,theology
0,1,0,0,0,0,0,1,0,0,theory
0,0,0,0,1,0,0,1,0,1,therapeutic
0,0,0,0,0,0,0,1,0,0,thermometer
1,0,1,1,0,1,1,0,1,0,thief
0,1,0,0,0,1,1,0,0,0,thirst
0,0,0,0,0,0,0,0,1,0,thirsty
0,1,0,0,0,0,0,0,0,0,thought
0,0,0,0,0,0,0,1,0,1,thoughtful
1,0,0,1,0,0,0,0,1,0,threat
1,1,0,1,0,0,0,0,1,0,threaten
1,0,1,1,0,0,0,0,1,0,threatening
0,0,1,0,0,0,0,1,0,1,thrift
0,1,0,1,1,0,1,0,0,1,thrill
0,1,0,0,1,0,1,0,0,1,thrilling
0,0,0,0,0,0,0,1,0,1,throne
1,0,1,1,0,0,0,0,1,0,thug
1,0,0,1,0,0,0,0,1,0,thundering
1,0,0,0,0,0,0,0,0,0,tighten
0,1,0,0,0,0,0,0,0,0,time
0,0,0,0,0,0,0,0,0,1,timely
0,0,0,1,0,1,0,0,1,0,timid
0,0,0,0,0,0,0,0,1,0,tired
0,0,0,0,0,0,0,0,1,0,tiredness
0,0,0,0,0,0,0,0,1,0,tiresome
0,0,0,0,0,0,0,0,1,0,tit
0,0,0,0,0,0,0,0,0,1,tolerant
0,0,0,0,0,1,0,0,0,0,tomb
0,1,0,0,0,0,0,0,0,0,tomorrow
0,0,0,1,0,0,0,0,1,0,toothache
0,1,0,0,0,0,0,1,0,1,top
1,1,1,1,0,1,0,0,1,0,torture
0,0,0,0,0,0,0,0,1,0,touched
1,0,0,0,0,1,0,0,1,0,touchy
0,0,0,0,0,1,0,0,1,0,tough
0,0,1,0,0,0,0,0,1,0,toxic
0,0,0,0,0,0,0,1,0,0,trade
0,0,0,0,0,0,0,0,0,1,traditional
0,0,0,1,0,1,0,0,1,0,tragedy
0,0,0,0,0,0,0,0,1,0,tragic
0,0,1,1,0,1,0,0,1,0,tramp
0,0,0,0,1,0,0,0,0,1,tranquil
0,0,0,0,0,0,0,1,0,0,transaction
0,0,0,0,0,0,0,1,0,0,transcript
0,0,1,0,0,0,0,0,1,0,trashy
1,0,0,1,0,1,0,0,1,0,traumatic
0,0,0,0,0,0,0,0,0,1,traveling
0,1,0,0,1,0,0,1,0,1,treasure
1,1,1,1,1,1,1,1,1,1,treat
0,0,0,1,0,0,0,0,1,0,trembling
0,0,0,0,0,0,1,0,1,0,trick
0,0,0,0,0,0,1,0,0,0,trip
1,0,0,0,0,1,0,0,1,0,tripping
0,1,0,0,1,0,0,0,0,1,triumph
0,1,0,0,1,0,0,1,0,1,triumphant
1,0,0,1,0,0,0,0,1,0,troublesome
0,0,0,0,0,0,0,1,0,0,trust
0,0,0,0,0,0,0,1,0,0,trustee
0,0,0,0,0,0,0,0,0,1,trusty
0,0,0,0,0,0,0,1,0,1,truth
0,0,0,0,0,0,0,1,0,0,truthful
0,0,0,0,0,0,0,0,1,0,tumble
0,0,0,1,0,0,0,0,1,0,tumor
0,0,0,1,0,1,0,0,1,0,tumour
1,0,0,1,0,1,0,0,1,0,turmoil
0,0,0,0,0,0,0,0,0,1,tutor
0,0,0,0,0,0,0,0,1,0,twitch
0,0,1,0,0,0,0,0,1,0,ugly
1,0,1,1,0,1,0,0,1,0,ulcer
0,1,0,0,0,1,0,0,0,0,ultimate
0,0,0,0,0,1,0,0,1,0,unable
0,0,0,0,0,1,0,0,1,0,unacceptable
0,0,1,0,0,1,0,0,1,0,unattractive
0,0,0,0,0,0,0,0,1,0,unaware
0,1,0,0,1,1,1,0,1,1,unbeaten
1,0,1,1,0,0,1,0,1,0,uncertain
0,0,0,0,0,0,0,0,1,0,uncomfortable
1,1,0,0,0,0,1,0,1,0,uncontrollable
0,1,0,1,0,0,0,0,1,0,undecided
0,0,0,0,0,0,0,1,0,1,understanding
0,0,0,0,0,0,0,0,1,0,undo
0,0,1,1,0,0,0,0,1,0,uneasy
0,0,0,1,0,1,0,0,1,0,unemployed
0,1,0,1,1,0,1,0,1,1,unexpected
1,0,1,0,0,1,0,0,1,0,unfair
0,0,0,0,0,1,0,0,1,0,unfortunate
1,0,1,0,0,0,0,0,1,0,ungrateful
1,0,1,0,0,1,0,0,1,0,unhappy
0,0,1,1,0,1,0,0,1,0,unhealthy
0,0,0,0,0,1,0,0,1,0,unimportant
0,0,0,0,0,0,0,0,1,0,unimpressed
0,0,0,0,0,0,1,0,0,1,unique
0,1,0,0,0,0,0,0,0,1,university
0,1,0,1,0,0,0,0,1,0,unknown
1,0,1,1,0,1,0,0,1,0,unlucky
0,0,1,0,0,1,0,0,1,0,unpleasant
0,0,0,0,0,0,0,0,1,0,unproductive
0,0,0,0,0,0,0,0,1,0,unprotected
0,0,0,1,0,0,0,0,1,0,unsafe
1,0,1,1,0,0,0,0,1,0,unsettled
0,0,0,0,0,1,0,0,1,0,unsuccessful
0,0,0,0,0,0,0,1,0,1,upright
1,0,0,0,0,1,0,0,1,0,upset
0,0,0,0,0,1,0,0,0,0,urn
0,0,0,0,0,0,0,0,1,0,useless
0,0,0,0,0,0,0,1,0,1,usual
0,1,0,0,1,0,0,0,0,1,vacation
0,0,0,0,0,0,0,0,1,0,vague
0,0,0,0,0,0,0,0,0,1,valuable
0,0,0,0,0,0,0,0,1,0,vanity
0,0,0,0,0,0,1,0,0,0,variable
0,1,0,1,0,0,0,0,1,0,verge
1,0,0,0,0,0,0,0,1,0,versus
0,0,0,1,0,0,0,0,1,0,vertigo
0,0,0,0,0,0,0,1,0,1,veteran
1,0,0,0,0,0,0,0,1,0,veto
1,0,1,0,0,0,0,0,1,0,vicious
1,0,0,1,0,1,0,0,1,0,victim
0,0,0,0,1,0,0,0,0,1,victor
0,0,0,0,1,0,0,0,0,1,victorious
0,1,0,0,1,0,0,1,0,1,victory
0,0,0,1,0,0,0,0,1,0,villain
1,0,0,1,0,1,1,0,1,0,violation
1,0,0,1,0,1,0,0,1,0,violence
1,0,1,1,0,0,1,0,1,0,violent
1,0,1,1,0,1,0,0,1,0,violently
0,0,0,0,0,0,0,1,0,1,virgin
0,1,0,0,0,0,0,0,0,1,virginity
0,0,0,0,0,0,0,1,0,1,virtue
0,0,0,0,0,0,0,0,0,1,visit
0,1,0,0,1,0,0,0,0,1,visitor
0,0,0,0,0,0,0,0,0,1,vital
0,0,0,0,1,0,0,0,0,1,vivid
0,0,1,0,0,0,0,0,0,0,vomit
0,0,0,0,0,0,0,0,1,0,vomiting
0,0,1,0,0,0,0,0,1,0,vulgar
0,0,0,1,0,1,0,0,1,0,vulnerability
0,0,1,1,0,0,0,0,1,0,vulture
0,0,0,0,1,0,0,0,0,1,wages
0,1,0,0,0,0,0,0,1,0,wait
0,0,0,0,0,1,0,0,1,0,wanting
0,0,0,1,0,0,0,0,1,0,war
1,0,0,1,0,1,0,0,1,0,warfare
0,1,0,1,0,0,1,1,1,0,warn
0,1,0,1,0,0,1,0,0,0,warned
0,0,0,1,0,0,0,0,0,0,warning
0,0,0,1,0,0,0,0,0,0,wary
0,1,0,1,0,0,0,0,0,0,watch
0,0,0,0,0,0,0,1,0,1,watchdog
0,0,0,0,0,0,0,0,1,0,weakened
0,0,0,0,0,0,0,0,1,0,weakness
0,0,0,0,1,0,0,1,0,1,wealth
0,0,0,0,0,0,0,1,1,0,wear
0,0,0,0,0,1,0,0,1,0,weary
0,0,0,0,0,1,0,0,1,0,weep
0,0,0,0,0,1,0,0,0,0,weeping
0,1,0,0,0,0,0,1,0,0,weigh
0,1,1,1,1,1,1,1,1,1,weight
0,0,1,0,0,0,0,0,1,0,weird
0,0,0,1,0,0,0,0,1,0,weirdo
0,0,0,0,1,0,0,0,0,1,welcomed
1,0,1,0,0,0,0,0,1,0,wench
0,0,1,0,0,1,0,0,1,0,whine
0,0,0,0,0,0,0,0,1,0,whisky
0,1,0,0,1,0,0,1,0,1,white
0,0,1,0,0,0,0,0,1,0,whore
0,0,0,1,0,0,0,0,1,0,wicked
0,0,0,0,0,0,0,0,0,1,widespread
0,0,0,0,0,1,0,0,0,0,widow
0,0,1,1,0,0,0,0,1,0,wimp
1,0,1,1,0,1,0,0,1,0,wimpy
0,1,0,0,1,0,1,0,0,1,winner
0,1,1,0,1,1,1,1,0,1,winning
0,1,0,0,1,0,0,0,0,1,winnings
0,0,0,0,0,0,0,1,0,1,wisdom
0,0,0,0,0,0,0,0,0,1,wise
1,0,1,1,0,0,0,0,1,0,witch
1,0,0,1,0,1,0,0,1,0,witchcraft
0,0,0,0,1,0,0,0,0,1,witty
0,0,1,1,0,1,0,0,1,0,woe
0,0,0,0,0,1,0,0,1,0,woeful
0,0,0,0,0,0,0,0,0,1,womb
0,0,0,0,1,0,1,1,0,1,wonderful
0,0,0,0,1,0,1,0,0,1,wonderfully
0,1,0,0,0,0,0,0,0,0,wont
0,0,0,0,0,0,0,1,0,1,word
1,0,0,0,0,0,0,0,1,0,words
0,0,0,0,0,0,0,0,0,1,working
0,0,0,0,0,1,0,0,1,0,worn
0,0,0,0,0,1,0,0,1,0,worried
0,1,0,1,0,1,0,0,1,0,worry
0,1,0,1,0,1,0,0,1,0,worrying
0,0,0,1,0,1,0,0,1,0,worse
0,0,1,0,0,1,0,0,1,0,worsening
0,1,0,1,1,0,0,1,0,1,worship
0,0,0,0,0,0,0,0,0,1,worth
1,0,1,0,0,1,0,0,1,0,worthless
1,0,0,1,0,1,0,0,1,0,wound
0,0,0,0,0,0,0,0,0,1,writer
0,0,0,0,0,0,0,0,1,0,wrong
1,0,0,1,0,1,0,0,1,0,wrongly
0,0,0,0,0,0,0,0,1,0,yawn
0,0,0,0,0,0,0,0,1,0,yawning
0,1,0,0,1,0,0,1,1,1,yearning
1,0,0,1,0,0,1,0,1,0,yell
0,0,0,0,0,0,0,0,1,0,yellows
0,1,0,0,1,0,1,0,0,1,young
0,0,0,0,0,0,0,0,0,1,younger
1,1,0,1,1,0,1,0,0,1,youth
